,uni_adm_yr,gender,age,hsc_pass_yr,curr_semester,scholarship,uni_transport_use,study_hrs_day,study_seat_day,pref_learn_mode,smart_phone_use,personal_comp,socialmed_hrs_day,eng_proficiency,avg_class_attend_perc,probation_record,suspension_record,teacher_consult,skills,skills_hrs_day,relationship_status,co_curricular_activity,co_living,health_issues,previous_sGPA,physical_disability,curr_cGPA,credits_completed,fam_income_month,curr_cGPA_binary,curr_cGPA_quaternary,curr_cGPA_ternary
0,2021,Female,22,2019,4,Yes,No,2,2,Offline,Yes,Yes,2,Basic,100,Yes,No,Yes,Web development skill(Frontend),1,Single,No,Bachelor,No,3.8,No,3.64,35,32500.0,1,3,2
1,2021,Male,22,2019,4,No,No,3,2,Offline,Yes,Yes,2,Basic,90,No,No,No,Programming,1,Single,No,Bachelor,Yes,3.4,No,3.53,35,20000.0,1,3,2
2,2021,Male,20,2020,4,Yes,Yes,2,1,Offline,Yes,Yes,1,Basic,95,No,No,Yes,Programming,3,Single,Yes,Family,No,3.93,No,3.89,35,30000.0,1,3,2
3,2021,Male,21,2020,4,Yes,No,1,2,Online,Yes,Yes,3,Advance,70,No,No,Yes,Programming,1,In a relationship,No,Family,No,3.1,No,3.5,35,40000.0,1,3,2
4,2021,Female,21,2019,4,Yes,No,3,2,Offline,Yes,Yes,2,Intermediate,96,No,No,Yes,Web development skill(Frontend),1,Single,Yes,Bachelor,No,3.81,No,3.65,34,30000.0,1,3,2
5,2021,Male,21,2020,4,Yes,Yes,1,1,Online,Yes,Yes,1,Advance,85,No,No,Yes,Content creation,1,Single,Yes,Bachelor,Yes,3.89,No,3.81,35,35000.0,1,3,2
6,2021,Female,20,2020,4,No,No,3,2,Offline,Yes,Yes,1,Basic,97,No,No,Yes,Programming,1,Single,No,Family,No,3.79,No,3.82,39,50000.0,1,3,2
7,2021,Male,21,2020,4,Yes,Yes,2,1,Online,Yes,Yes,2,Intermediate,95,No,No,Yes,"Programming, Software  Development skill, Web development skill(Frontend)",2,Single,Yes,Bachelor,Yes,3.28,No,3.32,35,8000.0,1,2,2
9,2022,Male,20,2020,2,Yes,No,3,1,Offline,Yes,Yes,2,Intermediate,100,No,No,No,Programming,1,Single,No,Family,No,3.9,No,3.9,12,60000.0,1,3,2
10,2020,Male,21,2019,2,Yes,No,3,2,Offline,Yes,Yes,5,Intermediate,95,No,No,Yes,Programming,1,Single,No,Bachelor,No,3.84,No,3.8,80,23000.0,1,3,2
12,2020,Male,21,2019,8,No,No,4,1,Online,Yes,Yes,2,Intermediate,100,No,No,Yes,Web development skill(Frontend),2,Single,No,Bachelor,No,3.07,No,2.74,85,20000.0,1,1,1
13,2019,Female,21,2019,8,No,Yes,3,1,Offline,Yes,Yes,1,Intermediate,95,No,No,Yes,Programming,1,Single,No,Family,No,3.76,No,3.5,83,92000.0,1,3,2
14,2019,Male,23,2018,11,Yes,No,6,2,Offline,Yes,Yes,3,Intermediate,100,No,No,No,"Programming, Software  Development skill, Web development skill(Backend), Web development skill(Frontend)",5,Single,Yes,Bachelor,No,3.84,No,3.1,73,30000.0,1,2,1
15,2021,Male,19,2020,4,Yes,No,1,1,Offline,Yes,No,1,Intermediate,95,No,No,Yes,"Programming, Photography ",1,Single,Yes,Family,No,3.5,No,3.58,35,30000.0,1,3,2
16,2021,Male,21,2019,4,Yes,Yes,4,2,Offline,Yes,Yes,2,Intermediate,90,No,No,No,"Programming, Web development skill(Frontend)",2,Single,Yes,Family,No,3.38,No,3.82,27,40000.0,1,3,2
17,2019,Female,21,2019,9,No,No,2,3,Offline,Yes,Yes,3,Basic,90,Yes,No,Yes,"Web development skill(Frontend), Networking",1,Single,Yes,Bachelor,No,1.89,No,2.69,86,20000.0,1,1,1
23,2019,Male,23,2018,9,No,Yes,1,1,Offline,Yes,Yes,1,Intermediate,70,No,No,No,"Web development skill(Backend), Web development skill(Frontend), Graphics design ",1,In a relationship,Yes,Family,Yes,2.7,No,2.92,76,15000.0,1,1,1
28,2021,Female,21,2019,5,No,No,2,3,Offline,Yes,Yes,1,Basic,87,Yes,No,Yes,Programming,1,Married,No,Family,No,1.92,No,2.42,39,60000.0,0,0,0
29,2019,Male,23,2018,11,No,Yes,5,5,Offline,Yes,Yes,3,Intermediate,90,No,No,Yes,Networking,2,Single,No,Bachelor,No,3.29,No,3.23,114,28000.0,1,2,1
30,2019,Female,22,2018,9,No,Yes,3,1,Offline,Yes,Yes,5,Basic,80,Yes,No,No,Programming,3,Married,No,Bachelor,Yes,2.0,No,2.22,77,4000.0,0,0,0
31,2019,Female,21,2018,10,No,No,5,1,Offline,Yes,Yes,3,Intermediate,80,Yes,No,Yes,Programming,2,Single,No,Bachelor,Yes,3.3,No,3.24,105,80000.0,1,2,1
32,2019,Male,22,2018,9,No,No,3,2,Offline,Yes,Yes,3,Basic,95,No,No,Yes,"Web development skill(Frontend), sports ",2,Single,No,Bachelor,No,3.2,No,3.3,103,40000.0,1,2,2
34,2021,Male,22,2020,3,Yes,Yes,4,2,Offline,Yes,Yes,2,Intermediate,90,No,No,No,"Programming, Digital Marketing ",1,Single,Yes,Family,No,2.16,No,2.75,35,40000.0,1,1,1
36,2021,Female,20,2020,5,No,Yes,2,3,Offline,Yes,Yes,3,Basic,80,No,No,No,Programming,3,Single,No,Family,Yes,1.75,Yes,2.51,39,50000.0,1,1,1
39,2021,Male,24,2017,4,No,No,3,2,Offline,Yes,Yes,2,Intermediate,90,No,No,No,Programming,2,In a relationship,Yes,Bachelor,No,4.0,No,3.92,34,40000.0,1,3,2
40,2021,Male,22,2020,2,Yes,Yes,6,3,Offline,Yes,Yes,2,Basic,100,No,No,Yes,Cyber security,3,Single,Yes,Family,No,3.25,No,3.25,11,30000.0,1,2,2
41,2019,Male,22,2018,11,Yes,No,1,1,Offline,Yes,Yes,1,Basic,100,No,No,Yes,Cyber security,2,Single,Yes,Family,No,3.46,No,3.1,102,40000.0,1,2,1
42,2022,Male,19,2020,2,Yes,No,1,2,Offline,Yes,Yes,2,Intermediate,85,No,No,No,"Programming, Software  Development skill, Networking",1,Single,No,Bachelor,No,3.73,No,3.73,11,20000.0,1,3,2
47,2022,Female,21,2020,2,Yes,Yes,2,2,Offline,Yes,Yes,2,Basic,70,Yes,No,No,Cyber security,1,Single,No,Family,No,3.9,No,3.8,12,25000.0,1,3,2
48,2019,Female,21,2018,9,Yes,Yes,2,1,Online,Yes,Yes,5,Intermediate,95,No,No,No,Programming,1,Single,No,Family,No,3.7,No,3.68,105,50000.0,1,3,2
49,2019,Female,21,2018,11,Yes,No,5,2,Offline,Yes,Yes,5,Advance,99,No,No,No,Web development skill(Frontend),2,Single,Yes,Family,No,3.85,No,3.72,126,100000.0,1,3,2
50,2019,Female,23,2017,9,No,Yes,3,2,Offline,Yes,Yes,1,Intermediate,80,No,No,No,"Programming, Web development skill(Frontend)",1,Single,No,Bachelor,No,3.82,No,3.6,84,30000.0,1,3,2
51,2022,Male,20,2020,2,Yes,Yes,4,3,Offline,Yes,Yes,2,Basic,100,No,No,No,Programming,1,Single,Yes,Family,No,3.72,No,3.72,11,40000.0,1,3,2
52,2019,Female,21,2018,2,No,Yes,2,1,Offline,Yes,Yes,2,Intermediate,90,No,No,Yes,Programming,1,Single,No,Family,No,3.51,No,3.56,125,40000.0,1,3,2
54,2019,Male,22,2018,11,No,No,3,2,Offline,Yes,Yes,2,Basic,90,No,No,Yes,Software  Development skill,1,Single,No,Bachelor,No,2.65,No,2.99,121,50000.0,1,1,1
55,2019,Male,22,2018,11,No,Yes,6,3,Online,Yes,Yes,2,Intermediate,99,No,No,Yes,"Programming, Software  Development skill, Web development skill(Backend), Web development skill(Frontend)",5,In a relationship,Yes,Bachelor,No,3.72,No,3.42,131,70000.0,1,2,2
56,2019,Female,23,2017,10,Yes,Yes,2,3,Offline,Yes,Yes,1,Advance,95,No,No,Yes,Networking,2,Married,Yes,Family,No,3.38,No,3.6,120,50000.0,1,3,2
61,2019,Male,23,2018,11,No,Yes,6,3,Offline,Yes,Yes,6,Intermediate,98,No,No,Yes,"Programming, Web development skill(Backend), Web development skill(Frontend)",3,Single,Yes,Family,No,3.2,No,3.22,110,50000.0,1,2,1
62,2022,Male,20,2020,2,No,No,5,3,Offline,No,Yes,2,Basic,100,No,No,No,Programming,5,Single,Yes,Bachelor,No,3.48,No,3.48,11,20000.0,1,2,2
65,2019,Male,23,2017,9,Yes,Yes,4,2,Offline,Yes,Yes,6,Intermediate,90,No,No,No,"Programming, Web development skill(Frontend)",1,Single,No,Bachelor,No,3.7,No,3.5,89,50000.0,1,3,2
67,2022,Male,21,2020,4,Yes,No,5,2,Offline,Yes,Yes,2,Intermediate,95,No,No,No,Programming,2,Single,No,Bachelor,No,3.3,No,3.3,11,50000.0,1,2,2
68,2019,Male,21,2018,11,Yes,No,2,2,Online,Yes,Yes,3,Intermediate,90,No,No,Yes,"Programming, Web development skill(Backend), Web development skill(Frontend)",5,Single,No,Bachelor,No,4.0,No,3.78,120,50000.0,1,3,2
69,2022,Female,19,2020,2,Yes,No,6,5,Offline,Yes,Yes,1,Intermediate,95,No,No,No,"Programming, Software  Development skill",2,Single,No,Bachelor,No,3.56,No,3.58,11,10000.0,1,3,2
71,2022,Male,20,2020,2,No,Yes,3,3,Online,Yes,Yes,5,Basic,80,No,No,No,Programming,2,Single,No,Bachelor,No,2.54,No,2.54,11,40000.0,1,1,1
73,2019,Female,22,2019,9,Yes,Yes,6,3,Offline,Yes,Yes,3,Basic,90,No,No,Yes,Networking,1,Single,No,Family,No,3.84,No,3.77,99,60000.0,1,3,2
79,2020,Male,22,2019,8,No,No,2,1,Offline,Yes,Yes,3,Intermediate,80,No,No,Yes,"Programming, Web development skill(Frontend)",2,Single,Yes,Bachelor,No,3.12,No,3.08,83,30000.0,1,2,1
81,2019,Male,24,2018,11,Yes,No,4,2,Online,Yes,No,3,Intermediate,85,Yes,Yes,Yes,"Programming, Networking",1,Single,No,Family,No,2.25,No,2.64,103,20000.0,1,1,1
82,2019,Male,22,2018,11,Yes,No,1,2,Online,Yes,Yes,3,Intermediate,90,No,No,Yes,"Programming, Web development skill(Backend), Web development skill(Frontend)",1,In a relationship,No,Family,No,3.5,No,3.43,126,100000.0,1,2,2
84,2022,Male,20,2020,2,Yes,No,1,1,Offline,Yes,Yes,4,Intermediate,99,No,No,No,Programming,2,Single,No,Family,No,3.83,No,3.83,11,35000.0,1,3,2
85,2019,Male,22,2018,2,No,Yes,4,2,Online,Yes,Yes,1,Intermediate,90,No,No,Yes,"Programming, Software  Development skill, Web development skill(Frontend)",4,Single,No,Family,No,1.98,No,2.98,104,25000.0,1,1,1
89,2021,Male,21,2019,3,Yes,No,5,3,Offline,Yes,Yes,2,Intermediate,95,No,No,Yes,Programming,1,Single,Yes,Bachelor,No,3.52,No,3.65,23,50000.0,1,3,2
90,2019,Female,23,2018,11,Yes,No,4,2,Online,Yes,Yes,5,Advance,70,Yes,No,No,Cyber security,2,Married,Yes,Bachelor,Yes,3.01,No,2.89,120,90000.0,1,1,1
91,2021,Female,20,2020,3,Yes,No,3,2,Offline,Yes,Yes,2,Advance,90,No,No,Yes,Programming,2,In a relationship,No,Family,No,3.18,No,3.18,24,80000.0,1,2,1
94,2021,Male,21,2020,3,Yes,No,2,2,Online,Yes,Yes,3,Basic,90,No,No,Yes,Programming,1,Single,No,Family,No,3.42,No,3.56,23,50000.0,1,3,2
95,2021,Male,20,2020,2,Yes,No,3,2,Offline,Yes,Yes,3,Basic,85,No,No,No,Programming,1,Single,No,Bachelor,No,2.49,No,3.03,25,40000.0,1,2,1
96,2021,Female,19,2020,3,No,Yes,2,1,Offline,Yes,Yes,3,Intermediate,95,No,No,Yes,Programming,1,Single,No,Family,No,4.59,No,4.0,23,100000.0,1,3,2
97,2021,Female,22,2017,5,Yes,Yes,3,2,Offline,Yes,Yes,2,Intermediate,90,No,No,Yes,Programming,1,Single,No,Family,Yes,3.86,No,3.67,49,30000.0,1,3,2
99,2021,Male,21,2020,5,Yes,Yes,6,3,Online,Yes,Yes,2,Intermediate,90,No,No,No,"Programming, Software  Development skill",2,Single,Yes,Family,No,3.82,No,3.7,55,50000.0,1,3,2
100,2021,Male,21,2019,3,Yes,No,2,1,Online,Yes,Yes,2,Intermediate,75,No,No,Yes,"Programming, Designing(Photoshop), video editing ",1,Single,No,Family,No,3.58,No,3.1,23,40000.0,1,2,1
101,2021,Male,21,2020,5,No,No,5,2,Offline,Yes,Yes,2,Intermediate,98,No,No,Yes,Programming,2,Single,No,Bachelor,No,2.57,No,2.8,45,30000.0,1,1,1
102,2021,Male,22,2020,3,Yes,No,5,2,Offline,Yes,Yes,2,Advance,95,No,No,Yes,"Programming, Mentoring ",2,Single,Yes,Bachelor,Yes,3.86,No,3.92,23,40000.0,1,3,2
105,2021,Male,20,2020,3,Yes,No,1,2,Offline,Yes,Yes,1,Basic,95,No,No,Yes,Programming,1,Single,No,Family,Yes,3.68,No,3.65,24,45000.0,1,3,2
108,2021,Male,20,2020,3,Yes,Yes,3,2,Offline,Yes,Yes,2,Advance,70,No,No,Yes,Programming,2,Single,No,Family,Yes,2.45,No,2.95,25,50000.0,1,1,1
109,2021,Female,20,2020,3,Yes,Yes,4,3,Offline,Yes,Yes,1,Intermediate,99,No,No,Yes,Programming,3,Married,Yes,Family,No,3.47,No,3.2,23,50000.0,1,2,1
110,2019,Male,21,2018,11,No,Yes,0,1,Offline,Yes,Yes,1,Intermediate,85,No,No,No,"Programming, Web development skill(Frontend), Cyber security, Networking",1,Single,No,Bachelor,No,2.53,No,3.05,115,37000.0,1,2,1
112,2021,Female,20,2020,3,Yes,Yes,2,2,Online,Yes,Yes,1,Intermediate,90,No,No,Yes,Programming,1,Single,No,Bachelor,No,3.19,Yes,2.73,24,40000.0,1,1,1
114,2021,Male,21,2020,3,Yes,No,4,2,Offline,Yes,Yes,5,Intermediate,95,No,No,No,Programming,2,Single,Yes,Bachelor,No,3.28,No,3.0,25,70000.0,1,2,1
116,2021,Female,21,2019,3,Yes,No,3,1,Offline,Yes,Yes,1,Intermediate,90,No,No,Yes,"Programming, Web development skill(Frontend)",1,Single,No,Bachelor,No,3.75,No,3.7,24,50000.0,1,3,2
117,2021,Male,20,2020,4,No,No,1,1,Online,Yes,Yes,3,Intermediate,90,No,No,No,"Programming, Web development skill(Backend), Web development skill(Frontend)",2,Single,Yes,Family,No,3.85,No,3.92,34,40000.0,1,3,2
118,2021,Female,21,2020,2,Yes,No,3,2,Online,Yes,Yes,1,Intermediate,99,No,No,Yes,Programming,3,Single,No,Bachelor,No,3.18,No,3.18,11,30000.0,1,2,1
119,2019,Female,24,2018,11,Yes,No,2,1,Offline,Yes,Yes,1,Intermediate,90,No,No,Yes,Web development skill(Frontend),2,Married,No,Family,No,3.39,No,3.4,128,50000.0,1,2,2
120,2021,Female,20,2020,2,No,No,3,1,Online,Yes,Yes,4,Intermediate,100,No,No,Yes,Programming,1,Single,No,Bachelor,Yes,2.98,No,3.38,25,60000.0,1,2,2
123,2021,Female,22,2020,5,No,No,2,2,Offline,Yes,Yes,3,Intermediate,95,No,No,No,Programming,1,Single,No,Bachelor,No,3.1,No,3.18,48,50000.0,1,2,1
124,2022,Female,21,2020,2,Yes,Yes,2,1,Offline,Yes,Yes,3,Intermediate,98,No,No,Yes,Programming,1,Single,No,Family,No,3.7,No,3.7,12,120000.0,1,3,2
125,2021,Female,19,2020,3,Yes,Yes,2,2,Offline,Yes,Yes,3,Basic,100,No,No,Yes,Programming,1,Single,No,Family,No,3.61,No,3.74,25,40000.0,1,3,2
126,2021,Male,22,2017,3,Yes,No,2,1,Online,Yes,Yes,0,Intermediate,70,No,No,No,Programming,1,Single,No,Family,No,3.01,No,3.22,23,70000.0,1,2,1
127,2021,Female,21,2020,3,No,Yes,2,2,Offline,Yes,Yes,5,Basic,80,No,No,No,Programming,2,Single,No,Family,Yes,3.26,No,3.36,23,40000.0,1,2,2
129,2021,Male,20,2019,3,No,No,2,3,Offline,Yes,Yes,5,Basic,100,No,No,No,Programming,3,Single,No,Bachelor,Yes,3.12,No,3.01,23,50000.0,1,2,1
130,2022,Female,20,2020,1,Yes,No,4,3,Offline,Yes,Yes,2,Basic,100,No,No,Yes,Software  Development skill,2,Single,Yes,Bachelor,No,5.0,No,3.93,11,50000.0,1,3,2
132,2020,Male,22,2018,6,Yes,Yes,1,1,Online,Yes,Yes,3,Basic,80,No,No,No,Web development skill(Frontend),1,Single,No,Family,No,2.79,No,3.15,50,40000.0,1,2,1
133,2021,Female,22,2020,4,No,No,2,1,Offline,Yes,No,3,Intermediate,98,No,No,No,Programming,2,Single,No,Bachelor,No,3.83,No,3.4,25,40000.0,1,2,2
135,2021,Female,21,2020,3,Yes,Yes,3,1,Offline,Yes,Yes,4,Basic,100,No,No,Yes,Web development skill(Backend),2,Single,No,Family,No,3.39,No,3.19,25,70000.0,1,2,1
136,2021,Male,20,2020,3,Yes,No,3,3,Offline,Yes,Yes,2,Intermediate,100,No,No,No,"Programming, Web development skill(Backend), Cyber security",2,Single,No,Bachelor,No,3.38,No,3.37,23,25000.0,1,2,2
137,2021,Female,19,2020,3,Yes,No,3,3,Offline,Yes,Yes,1,Intermediate,100,No,No,Yes,Web development skill(Backend),1,Single,No,Bachelor,Yes,3.03,No,3.15,23,30000.0,1,2,1
139,2021,Male,21,2020,3,Yes,Yes,1,1,Offline,Yes,Yes,1,Intermediate,95,No,No,Yes,Programming,1,Single,Yes,Family,No,3.65,No,3.7,30,40000.0,1,3,2
140,2019,Female,22,2019,9,No,Yes,3,1,Offline,Yes,Yes,2,Intermediate,80,No,No,Yes,Web development skill(Frontend),1,Single,No,Family,Yes,3.18,No,2.69,90,30000.0,1,1,1
141,2020,Male,24,2017,8,Yes,Yes,1,1,Offline,Yes,Yes,4,Intermediate,70,No,No,No,"Programming, Mechine Learning",3,In a relationship,Yes,Family,No,2.56,No,3.38,90,30000.0,1,2,2
143,2021,Female,19,2020,3,No,No,3,2,Offline,Yes,Yes,4,Intermediate,75,Yes,No,Yes,Programming,2,Single,No,Family,No,2.36,No,2.88,23,80000.0,1,1,1
146,2020,Female,21,2019,7,No,Yes,2,2,Online,Yes,Yes,5,Intermediate,80,No,No,Yes,"Programming, Web development skill(Backend)",3,In a relationship,No,Family,No,3.0,No,2.91,90,35000.0,1,1,1
147,2021,Female,20,2020,3,No,Yes,2,1,Offline,Yes,No,5,Basic,80,No,No,Yes,Programming,1,Single,Yes,Family,No,2.32,No,2.66,23,40000.0,1,1,1
149,2021,Female,22,2020,3,Yes,No,2,1,Offline,Yes,Yes,3,Intermediate,100,No,No,Yes,Web development skill(Backend),1,Single,Yes,Bachelor,Yes,2.89,No,3.37,24,50000.0,1,2,2
151,2021,Female,20,2020,3,Yes,Yes,2,2,Offline,Yes,Yes,5,Basic,100,Yes,No,No,Programming,1,Single,No,Family,Yes,2.26,No,2.31,20,35000.0,0,0,0
152,2022,Female,21,2020,2,Yes,No,5,2,Offline,Yes,Yes,2,Basic,99,No,No,No,Programming,1,Single,No,Bachelor,No,3.65,No,3.65,12,35000.0,1,3,2
153,2021,Female,22,2019,3,Yes,Yes,2,1,Offline,Yes,Yes,5,Intermediate,96,No,No,Yes,Programming,3,Single,No,Family,No,3.03,No,3.02,25,49000.0,1,2,1
154,2020,Male,22,2018,2,Yes,Yes,2,1,Offline,Yes,Yes,4,Basic,80,No,No,Yes,"Web development skill(Backend), Web development skill(Frontend)",0,Single,No,Bachelor,Yes,3.93,No,3.44,53,15000.0,1,2,2
157,2021,Female,21,2020,3,Yes,Yes,3,4,Offline,Yes,Yes,1,Basic,99,No,No,Yes,Programming,1,Single,No,Family,No,2.94,No,3.03,23,50000.0,1,2,1
159,2021,Male,21,2019,3,Yes,Yes,1,1,Online,Yes,Yes,2,Intermediate,85,No,No,No,Programming,2,Single,Yes,Family,Yes,3.86,No,3.84,24,50000.0,1,3,2
160,2022,Male,20,2020,3,No,Yes,4,2,Offline,Yes,Yes,2,Intermediate,100,Yes,No,No,Programming,1,Single,No,Family,No,2.93,No,2.84,26,30000.0,1,1,1
161,2021,Male,20,2020,4,Yes,No,5,3,Online,Yes,Yes,1,Intermediate,80,No,No,Yes,Programming,2,Single,No,Bachelor,No,3.06,No,3.08,36,60000.0,1,2,1
162,2021,Male,21,2019,3,No,Yes,2,1,Offline,Yes,Yes,2,Intermediate,98,No,No,No,"Programming, Web development skill(Frontend)",1,Single,Yes,Family,No,3.17,No,3.53,25,30000.0,1,3,2
164,2021,Female,21,2020,4,No,Yes,6,1,Offline,Yes,No,2,Intermediate,97,Yes,No,Yes,Programming,3,Single,Yes,Family,No,3.39,No,2.8,20,40000.0,1,1,1
165,2022,Male,21,2019,2,Yes,No,5,3,Offline,Yes,Yes,4,Basic,90,Yes,No,Yes,Programming,3,Single,Yes,Bachelor,No,3.83,No,3.83,11,20000.0,1,3,2
166,2020,Male,22,2019,8,No,No,3,1,Offline,Yes,Yes,4,Intermediate,100,No,No,Yes,Programming,2,Single,No,Bachelor,No,3.64,No,3.74,87,50000.0,1,3,2
167,2021,Male,20,2020,3,Yes,Yes,2,1,Offline,Yes,Yes,1,Intermediate,100,No,No,Yes,Programming,1,Single,No,Family,No,2.96,No,3.38,25,25000.0,1,2,2
169,2021,Female,20,2018,3,Yes,Yes,1,2,Online,Yes,Yes,5,Intermediate,90,No,No,Yes,Programming,1,Single,No,Family,No,3.49,No,3.5,23,30000.0,1,3,2
174,2021,Male,21,2019,3,No,Yes,4,1,Offline,Yes,Yes,2,Intermediate,98,No,No,No,Programming,3,Single,No,Family,No,3.72,No,3.71,25,60000.0,1,3,2
175,2019,Female,22,2018,11,Yes,No,5,2,Online,Yes,Yes,2,Intermediate,95,No,No,Yes,System analysis,1,In a relationship,Yes,Family,No,2.8,No,3.35,120,68000.0,1,2,2
176,2020,Female,21,2019,6,Yes,No,3,2,Offline,Yes,Yes,2,Intermediate,99,No,No,Yes,Programming,1,Single,No,Family,No,3.98,No,3.99,58,40000.0,1,3,2
177,2021,Male,21,2019,3,Yes,No,1,1,Offline,Yes,Yes,5,Intermediate,90,No,No,No,Programming,1,Single,No,Family,Yes,3.03,No,2.94,25,50000.0,1,1,1
178,2019,Female,22,2017,11,No,No,3,2,Offline,Yes,Yes,4,Intermediate,95,No,No,Yes,Web development skill(Frontend),1,Single,No,Family,Yes,3.34,No,3.18,120,40000.0,1,2,1
180,2019,Female,23,2018,11,No,Yes,3,2,Offline,Yes,Yes,3,Intermediate,96,No,No,Yes,Web development skill(Frontend),1,Single,No,Family,No,3.78,No,3.55,141,23000.0,1,3,2
185,2020,Female,20,2019,2,Yes,No,1,1,Online,Yes,Yes,1,Intermediate,70,Yes,No,No,No skills,1,In a relationship,Yes,Family,Yes,1.63,No,2.61,79,60000.0,1,1,1
186,2021,Male,21,2020,3,Yes,No,2,1,Offline,Yes,Yes,6,Basic,70,No,No,Yes,Programming,2,Single,Yes,Bachelor,No,3.17,No,3.39,22,40000.0,1,2,2
187,2021,Female,20,2019,3,No,Yes,2,1,Offline,Yes,Yes,2,Intermediate,100,No,No,No,Memorizing,2,Single,No,Family,Yes,3.82,No,3.91,23,100000.0,1,3,2
188,2021,Male,22,2019,3,Yes,Yes,2,3,Online,Yes,Yes,2,Intermediate,92,No,No,Yes,Programming,1,Single,No,Family,No,3.79,No,3.89,23,35000.0,1,3,2
189,2019,Female,23,2017,11,No,Yes,3,2,Offline,Yes,Yes,2,Intermediate,85,No,No,Yes,Web development skill(Frontend),2,Single,No,Bachelor,No,3.76,No,3.62,120,33000.0,1,3,2
190,2020,Male,21,2019,8,Yes,No,5,3,Offline,Yes,Yes,4,Basic,100,No,No,Yes,"Programming, Web development skill(Frontend)",2,Single,Yes,Bachelor,Yes,3.74,No,3.91,88,15000.0,1,3,2
193,2021,Female,21,2020,3,Yes,No,2,2,Offline,Yes,Yes,4,Intermediate,100,No,No,No,Programming,1,Single,No,Family,No,3.38,No,3.2,23,50000.0,1,2,1
194,2022,Male,22,2015,2,Yes,No,2,2,Online,Yes,Yes,1,Basic,95,Yes,No,Yes,Programming,1,Single,Yes,Bachelor,Yes,2.1,No,2.1,14,25000.0,0,0,0
195,2020,Female,21,2019,8,Yes,No,3,1,Offline,Yes,Yes,5,Intermediate,80,Yes,No,No,Web development skill(Frontend),1,Single,Yes,Bachelor,No,2.72,No,2.25,62,60000.0,0,0,0
196,2022,Male,20,2019,2,No,No,2,2,Offline,Yes,Yes,3,Basic,90,No,Yes,Yes,Networking,2,Single,No,Bachelor,No,3.1,No,3.1,12,20000.0,1,2,1
200,2022,Male,21,2020,2,No,No,1,1,Offline,Yes,Yes,4,Basic,95,Yes,No,Yes,Programming,1,Single,Yes,Bachelor,No,3.9,No,3.9,11,30000.0,1,3,2
201,2022,Female,20,2020,2,Yes,Yes,3,2,Offline,Yes,Yes,3,Intermediate,100,No,No,No,Programming,3,Single,No,Family,No,3.03,No,3.03,12,90000.0,1,2,1
203,2021,Female,19,2020,3,Yes,Yes,5,2,Offline,Yes,Yes,4,Intermediate,99,No,No,Yes,Programming,3,Single,No,Family,No,3.45,No,3.295,25,25000.0,1,2,2
204,2022,Male,20,2021,2,No,Yes,1,1,Offline,Yes,No,4,Basic,85,No,No,No,Programming,1,Single,Yes,Family,No,3.6,No,3.6,11,50000.0,1,3,2
206,2020,Female,20,2019,8,Yes,No,3,2,Offline,Yes,Yes,2,Intermediate,99,No,No,Yes,Programming,1,Single,Yes,Family,No,3.86,No,3.69,90,50000.0,1,3,2
207,2022,Female,19,2020,2,No,Yes,3,2,Offline,Yes,Yes,4,Advance,100,No,No,Yes,Programming,2,Single,Yes,Family,No,3.48,No,2.4,11,25000.0,0,0,0
209,2022,Female,20,2020,2,No,Yes,3,1,Offline,Yes,Yes,1,Advance,100,No,No,Yes,Programming,2,Single,No,Family,No,3.84,No,3.84,11,50000.0,1,3,2
210,2020,Female,21,2019,8,No,Yes,6,2,Offline,Yes,Yes,2,Intermediate,100,No,No,Yes,Web development skill(Backend),3,Single,No,Family,No,3.4,No,3.29,85,60000.0,1,2,2
212,2020,Male,22,2019,6,No,Yes,4,3,Offline,Yes,Yes,4,Advance,85,No,No,Yes,Programming,2,In a relationship,No,Family,No,3.02,No,3.2,70,20000.0,1,2,1
213,2021,Male,20,2020,3,No,Yes,2,1,Offline,Yes,Yes,3,Basic,90,No,No,No,Web development skill(Backend),1,Single,No,Bachelor,No,3.48,No,2.98,23,20000.0,1,1,1
214,2022,Male,20,2020,2,Yes,No,3,3,Offline,Yes,Yes,2,Advance,90,No,No,Yes,Programming,2,Single,Yes,Bachelor,No,3.53,No,3.53,13,40000.0,1,3,2
215,2020,Female,19,2019,8,Yes,Yes,4,1,Offline,Yes,Yes,2,Advance,90,No,No,No,Programming,3,Single,No,Bachelor,No,3.06,No,3.41,87,30000.0,1,2,2
218,2019,Female,20,2019,9,No,Yes,3,3,Offline,Yes,Yes,1,Intermediate,99,No,No,No,"Programming, Web development skill(Backend), Web development skill(Frontend)",4,Single,Yes,Family,No,3.19,No,3.37,101,40000.0,1,2,2
220,2022,Female,21,2020,1,No,Yes,3,2,Offline,Yes,Yes,1,Advance,99,No,No,Yes,Programming,1,Single,Yes,Family,No,4.5,No,4.0,75,80000.0,1,3,2
222,2021,Male,22,2019,2,Yes,No,3,3,Offline,Yes,Yes,2,Intermediate,90,No,No,No,"Programming, Web development skill(Frontend)",4,In a relationship,No,Bachelor,No,3.33,No,3.33,12,20000.0,1,2,2
223,2021,Male,20,2020,3,Yes,No,4,1,Online,Yes,Yes,1,Basic,80,Yes,No,Yes,"Programming, Web development skill(Frontend)",2,Single,Yes,Bachelor,No,2.81,Yes,2.81,35,40000.0,1,1,1
224,2022,Male,21,2019,2,Yes,No,3,3,Offline,Yes,Yes,4,Intermediate,90,Yes,No,Yes,data entry,0,Single,Yes,Bachelor,Yes,2.18,No,2.08,11,35000.0,0,0,0
230,2022,Male,20,2020,2,Yes,No,4,2,Offline,Yes,Yes,1,Intermediate,95,No,Yes,Yes,"Programming, Software  Development skill, Cyber security",2,Single,Yes,Bachelor,No,4.0,No,4.0,11,40000.0,1,3,2
231,2022,Male,22,2016,2,Yes,Yes,2,2,Online,Yes,Yes,1,Basic,80,No,No,Yes,"Programming, Php",3,In a relationship,Yes,Family,No,3.97,No,3.97,11,30000.0,1,3,2
232,2021,Male,22,2020,3,Yes,Yes,3,2,Online,Yes,Yes,1,Intermediate,75,No,No,Yes,Programming,2,Single,Yes,Bachelor,No,3.79,No,3.69,25,100000.0,1,3,2
233,2019,Male,22,2018,11,No,No,6,2,Offline,Yes,Yes,2,Intermediate,90,Yes,No,Yes,"Web development skill(Backend), Web development skill(Frontend)",1,In a relationship,No,Bachelor,No,2.96,No,2.89,111,50000.0,1,1,1
236,2021,Female,21,2019,3,Yes,Yes,2,2,Online,Yes,Yes,2,Intermediate,85,No,No,Yes,Programming,1,Single,No,Family,No,3.56,No,3.66,23,25000.0,1,3,2
237,2020,Male,19,2019,2,Yes,Yes,3,2,Offline,Yes,Yes,1,Basic,100,No,No,Yes,Programming,1,Single,No,Family,No,3.56,No,3.56,12,40000.0,1,3,2
238,2021,Female,20,2020,4,Yes,No,1,1,Offline,Yes,No,2,Intermediate,100,No,No,No,Programming,0,Single,No,Family,No,3.38,No,3.58,25,80000.0,1,3,2
239,2021,Male,21,2019,2,Yes,No,1,2,Online,Yes,Yes,2,Intermediate,80,No,No,Yes,"Programming, Web development skill(Frontend), graphics desingn",3,Single,Yes,Bachelor,No,3.78,No,3.9,49,40000.0,1,3,2
240,2019,Male,24,2017,10,No,No,2,1,Offline,Yes,Yes,3,Intermediate,80,No,No,Yes,"Programming, Software  Development skill, App Developing ",5,Single,Yes,Family,No,2.58,No,2.93,106,65000.0,1,1,1
241,2020,Male,21,2019,8,No,No,1,1,Online,Yes,Yes,1,Advance,80,No,No,Yes,"Programming, Web development skill(Frontend)",1,In a relationship,No,Bachelor,Yes,3.96,No,3.7,85,25000.0,1,3,2
242,2021,Female,21,2020,3,Yes,Yes,3,2,Offline,Yes,Yes,2,Intermediate,88,No,No,No,Programming,2,Single,No,Family,No,3.58,No,3.76,25,40000.0,1,3,2
243,2021,Male,20,2020,3,Yes,No,2,2,Online,Yes,Yes,4,Intermediate,99,No,No,Yes,Programming,2,In a relationship,Yes,Bachelor,No,3.79,No,3.91,23,50000.0,1,3,2
244,2021,Male,21,2019,5,No,No,1,2,Offline,Yes,Yes,1,Intermediate,94,No,Yes,Yes,"Programming, Cyber security, Networking, Content Writing, Graphics , Animation. ",3,Single,Yes,Bachelor,No,2.17,No,3.06,44,15000.0,1,2,1
246,2021,Female,21,2019,3,Yes,Yes,4,3,Online,Yes,Yes,1,Intermediate,99,No,No,No,Programming,2,Single,No,Family,No,3.72,No,3.67,25,35000.0,1,3,2
247,2020,Female,22,2018,8,No,No,4,2,Offline,Yes,Yes,2,Intermediate,98,No,No,No,Programming,2,Single,No,Family,No,2.83,No,2.82,65,25000.0,1,1,1
248,2022,Female,20,2020,2,Yes,Yes,2,1,Offline,Yes,Yes,2,Basic,95,No,No,Yes,Networking,1,Single,No,Family,Yes,3.88,No,3.88,11,35000.0,1,3,2
251,2021,Male,21,2020,3,Yes,No,3,2,Offline,Yes,Yes,1,Intermediate,98,No,No,Yes,"Programming, Web development skill(Backend)",1,Single,No,Family,No,2.82,No,3.0,23,25000.0,1,2,1
252,2022,Female,21,2019,2,Yes,Yes,2,2,Offline,Yes,Yes,1,Intermediate,100,No,No,No,Programming,1,Single,No,Family,No,3.9,No,3.9,11,50000.0,1,3,2
255,2021,Female,21,2020,3,Yes,No,3,1,Offline,Yes,No,3,Intermediate,70,No,No,Yes,Programming,5,Single,No,Family,Yes,2.68,No,2.89,23,40000.0,1,1,1
256,2021,Female,20,2019,2,No,No,3,2,Online,Yes,No,2,Intermediate,95,No,No,Yes,Programming,1,Single,No,Bachelor,Yes,3.84,No,3.84,11,30000.0,1,3,2
257,2021,Female,20,2016,3,Yes,No,2,1,Offline,Yes,No,1,Advance,75,No,No,Yes,Programming,1,Single,Yes,Family,No,3.54,No,3.69,25,20000.0,1,3,2
258,2021,Male,19,2020,3,Yes,Yes,2,1,Offline,Yes,Yes,3,Intermediate,90,No,No,No,Programming,1,Single,Yes,Family,Yes,2.32,No,2.8,24,35000.0,1,1,1
259,2022,Male,20,2020,2,Yes,No,3,1,Offline,Yes,Yes,3,Basic,90,No,No,No,Programming,2,Single,No,Bachelor,No,4.0,No,4.0,11,50000.0,1,3,2
260,2022,Male,20,2020,2,No,No,5,2,Offline,Yes,Yes,3,Basic,90,No,No,Yes,Programming,2,Single,No,Bachelor,No,3.8,No,3.8,12,20000.0,1,3,2
262,2022,Male,20,2020,2,No,No,2,3,Offline,Yes,No,1,Basic,95,No,No,Yes,"Programming, Volunteering.",2,Single,Yes,Bachelor,No,3.05,No,3.05,12,25000.0,1,2,1
264,2022,Male,20,2020,4,Yes,Yes,4,2,Offline,Yes,Yes,3,Basic,95,Yes,Yes,Yes,Programming,2,Single,No,Bachelor,No,2.73,No,2.73,12,20000.0,1,1,1
266,2019,Female,20,2019,8,Yes,No,6,2,Offline,Yes,Yes,2,Intermediate,100,No,No,Yes,"Programming, Software  Development skill, Web development skill(Backend), Web development skill(Frontend)",2,Single,Yes,Family,No,3.96,No,3.94,85,100000.0,1,3,2
270,2022,Male,19,2020,4,Yes,Yes,5,2,Offline,Yes,Yes,2,Intermediate,98,Yes,No,Yes,"Programming, Software  Development skill, Networking",2,Single,Yes,Family,No,2.93,No,2.93,11,35000.0,1,1,1
271,2022,Male,20,2020,2,Yes,No,4,3,Online,Yes,Yes,2,Basic,100,No,No,No,Programming,2,Single,No,Family,No,3.81,No,3.81,12,50000.0,1,3,2
273,2022,Male,19,2020,2,Yes,No,3,1,Offline,Yes,Yes,3,Intermediate,100,Yes,No,Yes,"Programming, Strating....",1,Married,No,Family,No,3.25,No,3.25,10,50000.0,1,2,2
274,2022,Male,20,2020,2,Yes,No,3,2,Online,Yes,Yes,3,Basic,85,No,No,No,Programming,2,Single,No,Family,No,2.89,No,2.89,11,30000.0,1,1,1
277,2022,Male,19,2020,2,Yes,No,3,1,Online,Yes,Yes,2,Basic,90,Yes,No,No,Programming,1,Single,No,Bachelor,Yes,2.9,No,2.9,11,60000.0,1,1,1
278,2022,Male,18,2020,2,Yes,No,6,3,Offline,Yes,Yes,2,Basic,95,No,No,Yes,"Programming, Web development skill(Frontend)",2,Single,No,Family,No,3.48,No,3.48,12,25000.0,1,2,2
279,2021,Male,21,2019,2,No,No,2,3,Online,Yes,Yes,2,Basic,90,No,No,Yes,"Programming, Web development skill(Backend), Web development skill(Frontend), Networking",4,Single,No,Bachelor,No,3.13,No,3.17,11,40000.0,1,2,1
281,2022,Male,20,2020,2,Yes,No,3,2,Online,Yes,Yes,2,Intermediate,100,No,No,Yes,Programming,1,Single,No,Bachelor,No,3.85,No,3.85,12,30000.0,1,3,2
282,2022,Male,21,2020,2,Yes,Yes,4,2,Online,Yes,Yes,1,Intermediate,100,No,No,Yes,Programming,1,Single,Yes,Family,Yes,3.6,No,3.6,11,35000.0,1,3,2
285,2022,Male,20,2020,2,Yes,No,3,2,Offline,Yes,Yes,5,Basic,90,No,No,Yes,Programming,1,Single,Yes,Bachelor,No,2.5,No,2.5,12,25000.0,1,1,1
290,2022,Male,20,2020,2,Yes,No,3,1,Offline,Yes,Yes,3,Basic,70,Yes,Yes,Yes,Programming,2,Single,No,Bachelor,No,3.24,No,3.24,11,40000.0,1,2,1
291,2019,Female,22,2018,11,No,Yes,2,1,Offline,Yes,Yes,2,Intermediate,99,Yes,No,No,Programming,1,Single,No,Family,No,2.3,No,2.8,113,60000.0,1,1,1
293,2021,Male,21,2019,3,Yes,No,4,2,Offline,Yes,Yes,3,Intermediate,80,No,No,Yes,"Programming, Networking, Digital Marketing, Drop Servicing, Performance marketing management",2,Single,Yes,Bachelor,No,3.52,No,3.5,21,25000.0,1,3,2
294,2022,Male,20,2020,2,Yes,No,3,1,Offline,Yes,Yes,2,Basic,95,No,No,No,Programming,4,Single,No,Bachelor,No,2.73,No,2.73,11,21000.0,1,1,1
295,2021,Male,24,2020,3,Yes,No,3,4,Offline,Yes,Yes,1,Basic,90,No,No,Yes,Programming,2,Single,No,Family,No,3.79,No,3.88,23,13000.0,1,3,2
296,2019,Female,23,2016,11,Yes,No,2,1,Offline,Yes,Yes,1,Basic,70,No,No,No,Nothing,0,Engaged,No,Bachelor,No,3.96,No,3.91,116,30000.0,1,3,2
300,2022,Male,23,2020,2,No,Yes,6,2,Online,Yes,Yes,1,Intermediate,100,No,No,No,Programming,2,Single,Yes,Family,No,3.85,No,3.85,12,30000.0,1,3,2
302,2022,Male,22,2020,2,Yes,Yes,2,1,Online,Yes,Yes,1,Intermediate,90,No,No,Yes,Its on learning phase,3,Single,No,Family,No,3.93,No,3.93,12,55000.0,1,3,2
304,2022,Male,20,2020,2,Yes,Yes,3,3,Offline,Yes,Yes,3,Intermediate,95,Yes,No,Yes,Programming,1,Single,No,Bachelor,No,3.47,No,3.47,12,30000.0,1,2,2
307,2022,Male,22,2020,2,Yes,Yes,3,2,Offline,Yes,Yes,2,Intermediate,98,Yes,No,Yes,Programming,1,Single,No,Family,No,3.73,No,3.73,11,100000.0,1,3,2
308,2021,Male,21,2019,3,Yes,Yes,4,4,Online,Yes,Yes,2,Intermediate,95,No,No,Yes,"Programming, Web development skill(Backend), Web development skill(Frontend)",3,Single,Yes,Bachelor,Yes,3.73,Yes,3.68,26,35000.0,1,3,2
312,2021,Female,20,2020,3,Yes,No,4,4,Online,Yes,No,2,Advance,98,Yes,No,Yes,Programming,5,Single,No,Bachelor,Yes,1.87,No,3.5,32,20000.0,1,3,2
314,2020,Female,20,2019,7,Yes,Yes,4,2,Online,Yes,Yes,1,Intermediate,98,No,No,Yes,Programming,3,Single,Yes,Family,No,3.96,No,3.99,76,25000.0,1,3,2
315,2019,Male,22,2019,8,Yes,Yes,4,2,Online,Yes,Yes,1,Intermediate,90,No,No,No,working on web development,2,Single,No,Family,Yes,3.68,No,3.73,84,45000.0,1,3,2
318,2020,Male,21,2019,8,Yes,Yes,0,1,Offline,Yes,Yes,2,Advance,90,No,No,No,"Programming, Web development skill(Backend), Web development skill(Frontend)",1,Single,No,Family,No,3.74,No,3.67,90,30000.0,1,3,2
320,2020,Female,22,2018,8,No,No,2,3,Offline,Yes,Yes,1,Intermediate,90,No,No,Yes,Programming,2,Single,No,Bachelor,No,3.3,No,3.26,86,50000.0,1,2,2
321,2019,Male,23,2019,8,Yes,No,5,3,Offline,Yes,Yes,4,Intermediate,98,No,No,Yes,Programming,3,Single,Yes,Bachelor,Yes,3.72,No,3.45,90,25000.0,1,2,2
323,2020,Female,21,2018,7,Yes,Yes,1,1,Offline,Yes,Yes,2,Intermediate,95,No,No,No,Nothing much,0,Married,Yes,Family,No,3.64,No,3.65,76,60000.0,1,3,2
324,2019,Male,22,2018,3,Yes,Yes,4,2,Offline,Yes,Yes,1,Intermediate,90,No,No,Yes,Programming,2,Single,No,Family,No,3.78,No,3.88,93,30000.0,1,3,2
326,2020,Male,20,2019,8,No,No,1,1,Offline,Yes,Yes,4,Intermediate,80,No,No,No,Programming,1,Single,No,Family,No,1.76,No,2.55,64,35000.0,1,1,1
327,2020,Male,22,2019,8,Yes,Yes,3,3,Online,Yes,Yes,2,Advance,98,No,No,Yes,"Programming, Web development skill(Backend), Web development skill(Frontend)",2,Single,No,Family,No,3.15,No,3.71,84,5000.0,1,3,2
328,2020,Male,22,2019,8,Yes,Yes,2,2,Offline,Yes,Yes,1,Intermediate,100,No,No,Yes,"Programming, Software  Development skill",4,Single,No,Bachelor,No,4.0,No,3.62,86,50000.0,1,3,2
329,2022,Female,20,2020,2,No,Yes,3,1,Offline,Yes,Yes,2,Intermediate,100,No,No,No,Programming,3,Single,No,Family,No,3.58,No,3.58,14,45000.0,1,3,2
331,2020,Male,22,2019,7,Yes,Yes,6,3,Online,Yes,Yes,1,Advance,97,No,No,No,"Programming, Web development skill(Frontend)",1,Single,Yes,Family,No,3.94,No,3.91,75,40000.0,1,3,2
333,2020,Female,21,2019,8,Yes,Yes,1,1,Offline,Yes,Yes,3,Intermediate,85,No,No,No,Programming,1,Engaged,No,Family,Yes,3.32,No,3.27,88,50000.0,1,2,2
334,2022,Male,22,2020,2,Yes,Yes,2,1,Offline,Yes,Yes,5,Basic,90,No,No,Yes,Programming,2,Single,No,Family,No,2.8,No,2.8,11,30000.0,1,1,1
337,2022,Male,20,2020,2,Yes,Yes,3,2,Offline,Yes,Yes,4,Basic,99,No,No,No,Programming,2,Single,No,Family,No,3.68,No,3.68,11,35000.0,1,3,2
339,2020,Male,21,2019,7,Yes,No,4,3,Offline,Yes,Yes,1,Intermediate,95,No,No,No,Programming,3,Single,Yes,Bachelor,Yes,3.87,No,3.68,86,15000.0,1,3,2
340,2022,Male,21,2020,2,Yes,Yes,3,2,Offline,Yes,Yes,1,Intermediate,90,No,No,Yes,Programming,1,Single,No,Family,No,3.9,No,3.9,11,20000.0,1,3,2
342,2020,Female,20,2019,8,No,Yes,3,2,Online,Yes,Yes,2,Intermediate,97,No,No,Yes,Web development skill(Frontend),2,Single,Yes,Family,No,3.14,No,3.62,95,48400.0,1,3,2
344,2020,Female,21,2019,8,Yes,Yes,2,2,Online,Yes,Yes,2,Intermediate,100,No,No,Yes,Web development skill(Frontend),3,Single,No,Family,No,3.46,No,3.55,88,80000.0,1,3,2
345,2020,Female,22,2019,4,No,No,1,1,Online,Yes,Yes,3,Intermediate,99,No,No,Yes,Software  Development skill,0,Single,No,Family,No,3.32,No,3.17,85,40000.0,1,2,1
346,2020,Female,21,2019,2,Yes,Yes,3,1,Offline,Yes,Yes,4,Intermediate,95,No,No,No,Programming,2,Single,No,Family,No,3.21,No,3.36,76,25000.0,1,2,2
347,2022,Male,19,2020,2,Yes,No,5,2,Offline,Yes,Yes,1,Basic,100,No,No,Yes,Programming,4,Single,No,Bachelor,No,3.93,No,3.93,11,15000.0,1,3,2
348,2019,Male,24,2017,11,No,No,6,2,Offline,Yes,Yes,1,Intermediate,90,No,No,No,"Programming, Web development skill(Frontend), Networking",3,Single,No,Family,No,3.94,No,3.76,130,40000.0,1,3,2
350,2021,Male,21,2020,5,No,No,3,3,Offline,Yes,Yes,2,Basic,100,No,No,Yes,Programming,2,Single,No,Bachelor,No,3.31,No,3.27,49,30000.0,1,2,2
351,2022,Female,19,2020,2,Yes,Yes,5,2,Online,Yes,Yes,1,Intermediate,99,No,No,Yes,Programming,1,Single,Yes,Family,No,4.0,Yes,4.0,11,35000.0,1,3,2
352,2021,Male,20,2020,3,Yes,No,1,1,Online,Yes,Yes,2,Intermediate,75,Yes,No,Yes,Programming,1,Single,No,Bachelor,Yes,2.08,No,2.68,20,50000.0,1,1,1
355,2020,Male,22,2018,12,No,No,5,2,Online,No,Yes,2,Intermediate,98,No,No,No,"Programming, Software  Development skill, Web development skill(Backend), Web development skill(Frontend)",3,Single,No,Family,No,4.0,No,3.97,87,30000.0,1,3,2
356,2020,Male,22,2018,8,Yes,No,3,2,Online,Yes,Yes,2,Intermediate,95,No,No,No,"Programming, Web development skill(Frontend)",2,Single,No,Bachelor,No,3.57,No,3.57,90,40000.0,1,3,2
359,2020,Female,20,2019,7,No,Yes,6,2,Offline,Yes,Yes,6,Intermediate,85,Yes,No,Yes,Software  Development skill,3,Single,No,Family,No,2.88,No,2.88,68,100000.0,1,1,1
360,2022,Male,20,2020,2,Yes,No,3,4,Offline,Yes,No,6,Basic,90,Yes,No,Yes,Programming,2,Single,No,Bachelor,No,2.74,No,2.74,23,20000.0,1,1,1
362,2019,Female,22,2017,11,No,No,5,2,Offline,Yes,Yes,3,Intermediate,100,No,No,Yes,Web development skill(Frontend),2,Single,No,Bachelor,No,3.42,No,3.32,122,40000.0,1,2,2
363,2019,Female,22,2017,11,No,No,5,2,Offline,Yes,Yes,3,Intermediate,99,No,No,Yes,Web development skill(Frontend),2,Single,No,Bachelor,No,3.1,No,3.08,118,40000.0,1,2,1
364,2022,Male,20,2020,2,Yes,No,3,2,Online,Yes,Yes,2,Intermediate,70,No,No,Yes,Programming,1,Single,No,Bachelor,No,3.29,No,3.29,11,40000.0,1,2,2
365,2022,Female,22,2017,2,Yes,Yes,3,3,Offline,Yes,Yes,3,Basic,100,No,No,No,Programming,2,Single,No,Family,No,3.75,No,3.75,12,50000.0,1,3,2
367,2019,Male,21,2019,8,Yes,No,4,2,Offline,Yes,Yes,1,Intermediate,90,No,No,Yes,"Cyber security, Networking",2,Single,No,Bachelor,No,3.88,No,3.71,92,30000.0,1,3,2
370,2021,Female,22,2018,2,Yes,No,4,2,Offline,Yes,Yes,3,Basic,80,Yes,No,Yes,Programming,3,Married,No,Family,Yes,2.86,No,2.86,15,50000.0,1,1,1
371,2021,Male,20,2020,3,Yes,No,1,1,Online,Yes,Yes,2,Intermediate,80,No,No,No,Programming,0,Single,Yes,Bachelor,Yes,2.63,No,3.07,27,25000.0,1,2,1
372,2020,Female,21,2018,8,No,Yes,3,2,Online,Yes,Yes,1,Intermediate,96,No,No,Yes,Web development skill(Backend),2,Single,No,Family,Yes,3.48,No,3.74,87,20000.0,1,3,2
373,2022,Male,19,2020,2,Yes,Yes,1,1,Offline,Yes,Yes,4,Intermediate,99,No,No,No,Programming,1,Single,No,Family,No,3.75,No,3.75,12,30000.0,1,3,2
375,2022,Female,20,2020,11,Yes,No,2,1,Offline,Yes,Yes,2,Basic,99,No,No,Yes,"Programming, Web development skill(Frontend)",2,Single,No,Family,No,4.0,No,4.0,13,40000.0,1,3,2
376,2020,Female,21,2018,8,Yes,No,2,2,Offline,Yes,Yes,2,Intermediate,80,No,No,Yes,Web development skill(Backend),1,Engaged,No,Family,Yes,3.5,No,3.63,87,90000.0,1,3,2
377,2022,Male,20,2021,2,Yes,Yes,2,2,Offline,Yes,Yes,1,Basic,90,No,No,No,i don't,1,Single,No,Family,No,3.85,No,3.85,11,30000.0,1,3,2
378,2022,Male,20,2020,2,Yes,Yes,2,1,Offline,Yes,Yes,2,Intermediate,98,No,No,Yes,Programming,3,Single,No,Family,No,3.51,No,3.51,11,40000.0,1,3,2
380,2022,Female,20,2020,2,Yes,Yes,3,3,Offline,Yes,Yes,5,Basic,90,No,No,Yes,Programming,2,Single,No,Family,No,4.0,No,4.0,11,50000.0,1,3,2
381,2022,Male,19,2020,2,No,No,4,2,Offline,Yes,Yes,5,Basic,90,No,No,Yes,Programming,1,Single,No,Bachelor,No,3.21,No,3.21,11,40000.0,1,2,1
382,2022,Male,21,2020,2,Yes,No,4,4,Offline,Yes,Yes,1,Basic,80,Yes,Yes,Yes,Programming,1,In a relationship,Yes,Bachelor,Yes,3.1,No,3.1,14,20000.0,1,2,1
383,2021,Female,22,2019,3,Yes,Yes,3,2,Offline,Yes,Yes,4,Intermediate,70,No,No,No,Programming,2,Single,No,Family,No,3.52,No,3.77,23,25000.0,1,3,2
384,2021,Female,20,2020,3,Yes,No,2,2,Offline,Yes,Yes,2,Intermediate,85,No,No,Yes,Programming,1,Single,No,Family,No,3.24,No,3.32,23,80000.0,1,2,2
385,2019,Male,23,2017,11,No,Yes,0,0,Offline,Yes,Yes,0,Intermediate,90,No,No,No,"Programming, Software  Development skill, Web development skill(Backend), Web development skill(Frontend)",4,Single,Yes,Bachelor,Yes,3.94,Yes,3.95,126,25000.0,1,3,2
387,2021,Male,20,2020,2,Yes,Yes,1,4,Online,Yes,No,6,Intermediate,80,No,No,No,Software  Development skill,1,Single,No,Family,No,2.91,No,2.91,11,25000.0,1,1,1
389,2019,Male,23,2018,11,No,No,6,4,Online,Yes,Yes,6,Advance,90,No,No,Yes,Web development skill(Frontend),5,Single,No,Bachelor,No,3.02,No,3.05,123,40000.0,1,2,1
391,2021,Male,21,2020,4,No,Yes,2,1,Offline,Yes,Yes,2,Intermediate,96,No,No,Yes,Programming,1,Single,Yes,Family,No,3.89,No,3.7,35,90000.0,1,3,2
394,2020,Female,22,2018,8,Yes,Yes,3,1,Offline,Yes,Yes,3,Basic,100,Yes,No,Yes,Networking,4,Single,No,Bachelor,No,2.15,No,2.54,70,25000.0,1,1,1
397,2019,Female,21,2019,8,No,Yes,5,2,Offline,Yes,Yes,3,Advance,90,Yes,No,Yes,Networking,2,Engaged,Yes,Bachelor,No,2.13,No,2.45,87,40000.0,0,0,0
398,2020,Male,22,2019,4,No,No,2,1,Offline,Yes,Yes,2,Intermediate,80,No,No,No,"Programming, Web development skill(Backend)",1,Single,No,Bachelor,Yes,3.4,No,2.8,80,35000.0,1,1,1
400,2020,Female,21,2019,8,Yes,Yes,2,2,Offline,Yes,Yes,1,Intermediate,80,No,No,Yes,Machine Learning,3,Single,Yes,Family,Yes,3.4,No,3.5,87,40000.0,1,3,2
401,2021,Male,20,2020,2,No,Yes,1,1,Offline,Yes,Yes,1,Basic,100,No,No,Yes,Market Analysis,1,Single,Yes,Family,No,2.59,No,3.01,24,40000.0,1,2,1
405,2019,Female,22,2018,11,No,Yes,2,1,Offline,Yes,Yes,4,Advance,90,No,No,Yes,"Programming, Networking",3,Single,Yes,Family,Yes,3.66,No,3.37,123,60000.0,1,2,2
406,2020,Male,20,2019,8,No,No,1,3,Offline,Yes,Yes,2,Intermediate,90,Yes,No,No,"Web development skill(Frontend), Wordpress",3,Single,Yes,Bachelor,No,3.5,No,3.12,90,25000.0,1,2,1
407,2019,Female,23,2017,11,No,Yes,2,1,Offline,Yes,Yes,4,Intermediate,70,No,No,Yes,"Programming, Web development skill(Frontend)",2,Single,Yes,Family,No,3.59,No,3.55,123,50000.0,1,3,2
408,2021,Male,20,2019,3,Yes,No,4,2,Offline,Yes,Yes,3,Basic,100,No,No,Yes,Programming,3,Single,No,Bachelor,No,3.03,No,3.03,23,7000.0,1,2,1
409,2020,Male,23,2018,8,Yes,No,2,3,Offline,Yes,Yes,2,Basic,90,No,No,Yes,Programming,1,Single,No,Bachelor,Yes,3.94,No,3.9,91,20000.0,1,3,2
411,2020,Female,21,2019,8,Yes,Yes,1,3,Online,Yes,Yes,1,Intermediate,90,No,No,Yes,Cyber security,1,Single,Yes,Family,Yes,3.0,No,3.1,87,30000.0,1,2,1
413,2019,Female,21,2018,11,No,No,4,3,Online,Yes,Yes,3,Advance,80,Yes,Yes,Yes,Programming,1,Married,No,Family,No,2.96,No,2.61,96,100000.0,1,1,1
414,2021,Female,21,2019,3,Yes,No,2,1,Offline,Yes,Yes,2,Intermediate,90,No,No,Yes,Programming,1,Single,Yes,Bachelor,No,3.38,No,3.53,24,40000.0,1,3,2
415,2021,Female,20,2020,3,Yes,No,2,1,Offline,Yes,Yes,3,Intermediate,95,No,No,Yes,Programming,1,Single,Yes,Bachelor,No,3.12,No,3.07,24,50000.0,1,2,1
417,2019,Female,20,2019,2,No,No,4,2,Offline,Yes,Yes,1,Basic,90,No,No,Yes,Web development skill(Frontend),1,Single,No,Family,No,3.1,No,3.27,88,45000.0,1,2,2
419,2019,Female,22,2018,10,Yes,No,1,1,Offline,Yes,Yes,6,Intermediate,70,No,No,Yes,learning python,1,Single,Yes,Bachelor,Yes,3.52,No,3.78,112,30000.0,1,3,2
420,2019,Male,23,2017,11,Yes,No,3,2,Offline,No,Yes,1,Intermediate,90,No,No,No,Web development skill(Backend),3,In a relationship,Yes,Bachelor,No,4.0,No,3.9,123,25000.0,1,3,2
421,2020,Male,23,2019,8,Yes,Yes,3,1,Offline,Yes,Yes,3,Advance,90,No,No,No,Programming,2,Single,No,Family,No,3.84,No,3.78,90,30000.0,1,3,2
428,2019,Female,22,2017,11,No,No,2,2,Online,Yes,Yes,2,Intermediate,100,No,No,Yes,"Programming, Cyber security",5,Single,Yes,Family,Yes,3.1,No,3.16,122,20000.0,1,2,1
429,2021,Male,19,2020,4,No,Yes,3,4,Offline,Yes,Yes,1,Basic,95,Yes,No,No,Problem solving,1,Single,No,Family,No,2.37,No,2.46,31,50000.0,0,0,0
431,2022,Male,21,2019,2,Yes,No,1,2,Offline,Yes,Yes,2,Basic,90,No,No,No,Programming,1,Single,No,Bachelor,No,3.58,No,3.58,12,40000.0,1,3,2
434,2021,Male,22,2020,5,No,Yes,3,3,Offline,Yes,Yes,3,Intermediate,90,Yes,No,Yes,Programming,2,Single,Yes,Bachelor,Yes,2.9,No,2.19,36,60000.0,0,0,0
435,2022,Male,20,2019,2,No,No,4,2,Offline,Yes,Yes,3,Intermediate,90,No,No,Yes,Programming,1,Single,Yes,Bachelor,No,3.32,No,3.25,12,30000.0,1,2,2
439,2022,Male,21,2020,2,Yes,No,4,2,Online,Yes,No,3,Intermediate,98,Yes,No,Yes,Programming,2,Single,Yes,Bachelor,No,3.33,No,2.9,12,25000.0,1,1,1
441,2019,Male,24,2018,11,No,No,2,2,Offline,Yes,Yes,2,Intermediate,80,No,No,Yes,Software  Development skill,3,Single,Yes,Bachelor,No,3.78,No,3.13,124,15000.0,1,2,1
442,2020,Male,21,2019,8,No,No,5,4,Offline,Yes,Yes,3,Intermediate,99,No,No,Yes,Programming,1,Single,Yes,Family,Yes,3.82,No,3.81,89,15000.0,1,3,2
443,2019,Female,23,2018,11,Yes,Yes,4,1,Offline,Yes,Yes,1,Intermediate,95,No,No,Yes,Networking,4,Single,Yes,Bachelor,Yes,4.0,No,3.93,118,50000.0,1,3,2
444,2022,Male,21,2019,2,Yes,No,4,2,Offline,Yes,Yes,2,Basic,95,No,No,Yes,Programming,2,Single,No,Bachelor,No,2.55,No,2.55,11,20000.0,1,1,1
446,2019,Female,22,2017,11,No,No,3,1,Online,Yes,Yes,5,Intermediate,90,No,No,No,"Software  Development skill, Web development skill(Backend)",2,Single,No,Bachelor,No,3.65,No,3.59,1,30000.0,1,3,2
448,2019,Male,20,2018,9,No,Yes,2,2,Offline,Yes,Yes,1,Basic,90,No,No,No,Learning frontend,1,Single,No,Family,No,3.7,No,3.45,101,30000.0,1,2,2
449,2022,Male,21,2020,2,Yes,Yes,5,2,Online,Yes,Yes,3,Intermediate,100,No,No,Yes,Programming,4,Single,No,Family,No,3.48,No,3.48,11,50000.0,1,2,2
454,2019,Male,23,2018,11,No,No,2,3,Offline,Yes,Yes,2,Intermediate,99,Yes,No,No,"Web development skill(Backend), Networking",0,Single,No,Bachelor,No,3.3,No,3.24,130,15000.0,1,2,1
457,2021,Male,20,2020,4,Yes,No,4,2,Offline,Yes,Yes,2,Basic,85,No,No,No,"Programming, Web development skill(Frontend)",3,Single,No,Bachelor,No,3.0,No,2.8,36,20000.0,1,1,1
458,2022,Male,20,2020,2,Yes,Yes,2,4,Offline,Yes,Yes,1,Intermediate,80,No,No,Yes,"Programming, Game development ",1,Single,No,Bachelor,No,3.7,No,3.7,10,25000.0,1,3,2
460,2021,Male,21,2020,3,Yes,Yes,5,2,Offline,Yes,Yes,3,Intermediate,90,No,No,Yes,Web development skill(Frontend),4,Single,No,Family,No,3.57,No,3.67,23,35000.0,1,3,2
461,2021,Male,21,2020,3,Yes,No,4,2,Offline,Yes,Yes,1,Advance,97,Yes,No,Yes,Programming,2,Single,Yes,Bachelor,No,3.17,No,2.85,20,30000.0,1,1,1
462,2022,Male,20,2020,2,No,No,4,2,Offline,Yes,Yes,1,Basic,90,No,No,Yes,Programming,3,Single,No,Bachelor,No,3.78,No,3.78,28,25000.0,1,3,2
466,2021,Female,22,2020,4,No,No,4,4,Offline,Yes,Yes,2,Intermediate,90,No,No,No,Programming,1,Single,No,Bachelor,No,1.8,No,2.56,23,20000.0,1,1,1
467,2020,Female,22,2019,8,No,No,4,3,Online,Yes,Yes,3,Intermediate,85,No,No,No,Programming,4,Single,No,Bachelor,No,2.78,No,3.75,78,30000.0,1,3,2
468,2022,Female,20,2021,6,No,No,1,5,Offline,Yes,No,2,Basic,100,Yes,No,Yes,Programming,4,Single,No,Family,No,1.45,No,2.38,50,30000.0,0,0,0
470,2019,Male,23,2019,10,Yes,No,6,3,Offline,Yes,No,4,Advance,80,No,No,No,Programming,1,Single,Yes,Family,No,1.45,No,2.45,126,35000.0,0,0,0
476,2019,Female,22,2019,10,No,No,4,2,Offline,Yes,No,2,Intermediate,90,No,No,Yes,Programming,1,Single,No,Family,Yes,2.8,No,3.65,126,40000.0,1,3,2
477,2019,Male,21,2019,7,No,No,5,3,Online,Yes,Yes,2,Intermediate,100,No,No,Yes,Programming,2,Single,No,Family,No,2.11,No,3.47,103,40000.0,1,2,2
478,2022,Male,22,2021,5,No,No,4,1,Offline,Yes,Yes,3,Advance,87,No,No,No,Machine Learning,2,Married,No,Bachelor,No,2.37,No,3.49,67,41000.0,1,2,2
479,2021,Male,23,2019,9,No,No,3,1,Offline,Yes,Yes,3,Intermediate,87,Yes,No,No,Networking,2,Married,No,Family,No,2.75,No,3.8,116,44000.0,1,3,2
480,2021,Female,21,2020,9,No,No,3,2,Online,Yes,Yes,4,Intermediate,100,No,No,Yes,Cyber security,3,In a relationship,No,Bachelor,No,1.98,No,2.91,117,44000.0,1,1,1
481,2020,Female,20,2020,11,No,No,2,1,Online,Yes,Yes,3,Intermediate,100,No,No,Yes,Networking,2,Single,Yes,Family,No,2.64,No,3.7,143,44000.0,1,3,2
486,2021,Female,20,2020,9,No,No,4,2,Offline,Yes,Yes,2,Intermediate,78,Yes,No,No,Machine Learning,4,In a relationship,Yes,Family,No,1.83,No,2.9,97,45000.0,1,1,1
489,2020,Female,23,2018,11,Yes,No,6,2,Offline,Yes,Yes,4,Advance,90,Yes,No,Yes,Programming,5,Single,No,Family,No,2.19,No,3.45,122,50000.0,1,2,2
490,2022,Male,24,2019,4,Yes,No,3,2,Offline,Yes,Yes,4,Intermediate,100,No,No,Yes,Networking,1,Single,No,Family,No,2.5,No,3.4,46,50000.0,1,2,2
493,2022,Female,19,2021,5,No,No,1,1,Offline,Yes,Yes,4,Basic,78,No,No,Yes,Programming,2,Single,No,Bachelor,No,2.68,No,3.79,80,50000.0,1,3,2
494,2019,Female,22,2017,10,No,No,2,1,Online,Yes,Yes,1,Intermediate,80,Yes,No,No,Networking,1,In a relationship,Yes,Family,No,1.97,No,2.98,79,52000.0,1,1,1
495,2021,Female,20,2020,9,Yes,No,5,2,Offline,Yes,Yes,3,Advance,100,No,No,No,Web development skill(Backend),4,Single,No,Family,No,2.76,No,3.86,127,52000.0,1,3,2
497,2020,Male,21,2020,10,No,No,2,2,Offline,Yes,Yes,2,Basic,100,No,No,No,Cyber security,4,Single,Yes,Bachelor,No,2.62,No,3.75,136,55000.0,1,3,2
498,2021,Female,20,2020,7,No,No,2,1,Offline,Yes,Yes,2,Advance,87,No,No,No,Networking,4,In a relationship,No,Bachelor,No,1.51,No,2.59,99,55000.0,1,1,1
499,2022,Female,22,2021,5,No,No,2,3,Offline,Yes,No,2,Intermediate,95,Yes,No,No,Networking,2,Single,No,Bachelor,No,1.45,No,2.53,65,55000.0,1,1,1
500,2022,Male,21,2021,5,No,No,2,1,Offline,Yes,No,4,Intermediate,100,No,No,No,Machine Learning,2,Single,No,Bachelor,No,2.16,No,3.24,66,57000.0,1,2,1
501,2022,Male,21,2021,6,No,No,2,1,Offline,Yes,Yes,2,Intermediate,100,Yes,No,No,Web development skill(Frontend),2,Married,Yes,Family,No,2.56,No,3.62,143,58000.0,1,3,2
503,2020,Female,23,2019,7,No,No,2,2,Offline,Yes,Yes,3,Intermediate,90,Yes,No,No,Networking,1,In a relationship,Yes,Family,No,2.33,No,3.31,32,60000.0,1,2,2
504,2020,Female,20,2020,11,No,No,2,1,Offline,Yes,Yes,3,Intermediate,100,Yes,No,No,Networking,2,Single,No,Bachelor,No,1.6,No,2.68,143,60000.0,1,1,1
505,2021,Male,20,2021,7,No,No,4,3,Offline,Yes,Yes,6,Intermediate,80,No,No,No,Machine Learning,3,In a relationship,Yes,Bachelor,No,2.11,No,3.22,97,60000.0,1,2,1
507,2020,Male,21,2019,9,No,No,4,2,Online,Yes,Yes,5,Advance,100,No,No,Yes,Machine Learning,2,Single,No,Bachelor,No,2.65,No,3.78,121,61000.0,1,3,2
508,2020,Male,20,2020,10,No,No,2,2,Offline,Yes,Yes,2,Intermediate,100,Yes,No,Yes,Artificial Intelligence,1,In a relationship,Yes,Bachelor,No,2.67,No,3.7,135,61000.0,1,3,2
510,2020,Male,24,2019,11,No,No,3,3,Offline,Yes,Yes,3,Advance,75,Yes,No,Yes,Networking,1,In a relationship,Yes,Bachelor,No,1.65,No,2.68,143,65000.0,1,1,1
511,2020,Male,20,2020,11,No,No,2,1,Online,Yes,Yes,2,Advance,100,Yes,No,No,Cyber security,2,Married,Yes,Family,No,2.5,No,3.61,143,65000.0,1,3,2
513,2020,Female,20,2020,8,No,No,4,2,Online,Yes,Yes,6,Advance,100,No,No,Yes,Web development skill(Backend),1,Single,No,Family,No,1.77,No,2.64,119,66000.0,1,1,1
514,2021,Male,20,2020,7,Yes,No,3,1,Offline,Yes,Yes,5,Intermediate,90,No,No,No,Networking,2,Single,No,Bachelor,No,2.11,No,3.21,102,66000.0,1,2,1
516,2022,Female,20,2021,5,No,No,3,1,Offline,Yes,Yes,3,Basic,100,Yes,No,Yes,Web development skill(Frontend),4,In a relationship,Yes,Bachelor,No,2.77,No,3.84,58,66000.0,1,3,2
517,2019,Male,21,2018,11,Yes,No,5,4,Offline,Yes,Yes,2,Advance,100,No,No,Yes,Programming,3,Single,No,Family,No,2.87,No,3.98,140,67000.0,1,3,2
521,2020,Male,22,2019,9,No,No,3,2,Online,Yes,Yes,3,Basic,100,No,No,No,Networking,2,Single,Yes,Bachelor,No,2.22,No,3.38,124,68000.0,1,2,2
524,2022,Female,21,2021,8,Yes,No,5,2,Online,Yes,Yes,3,Basic,87,No,No,Yes,Cyber security,2,Single,No,Bachelor,No,2.88,No,3.91,127,68000.0,1,3,2
525,2020,Female,23,2018,10,No,No,3,3,Online,Yes,Yes,6,Intermediate,99,Yes,Yes,No,Web development skill(Backend),1,Single,No,Family,No,1.91,No,3.1,123,70000.0,1,2,1
526,2021,Female,20,2020,8,No,No,3,3,Online,Yes,Yes,2,Intermediate,100,No,No,No,Programming,2,In a relationship,No,Family,No,1.81,No,2.9,101,70000.0,1,1,1
528,2021,Female,20,2020,9,No,No,1,1,Offline,Yes,Yes,3,Intermediate,76,No,No,Yes,Web development skill(Backend),2,In a relationship,No,Bachelor,No,1.56,No,2.63,104,70000.0,1,1,1
529,2021,Female,24,2021,6,No,No,1,1,Offline,Yes,Yes,4,Basic,100,No,No,No,Programming,2,Single,Yes,Family,Yes,2.23,No,3.39,98,70000.0,1,2,2
530,2022,Female,21,2021,6,No,No,2,1,Offline,Yes,Yes,3,Intermediate,100,Yes,No,Yes,Networking,2,In a relationship,No,Bachelor,No,2.67,No,3.74,77,70000.0,1,3,2
532,2021,Female,20,2020,9,No,No,2,1,Online,Yes,Yes,6,Advance,90,No,No,Yes,Machine Learning,2,In a relationship,No,Family,No,2.44,No,3.88,132,71000.0,1,3,2
533,2022,Male,20,2021,6,No,No,4,2,Offline,Yes,Yes,3,Intermediate,68,Yes,No,No,Networking,4,Married,Yes,Family,No,1.56,No,2.63,70,74000.0,1,1,1
534,2020,Female,21,2019,10,No,No,6,4,Offline,Yes,Yes,4,Intermediate,80,No,No,No,Networking,4,In a relationship,No,Bachelor,Yes,2.21,No,3.21,145,75000.0,1,2,1
535,2020,Male,20,2020,11,No,No,1,3,Offline,Yes,Yes,3,Intermediate,100,No,No,No,Networking,1,In a relationship,No,Bachelor,No,2.61,No,3.68,143,75000.0,1,3,2
536,2021,Female,24,2019,10,No,No,3,3,Offline,Yes,Yes,2,Basic,100,No,No,Yes,Artificial Intelligence,2,In a relationship,No,Bachelor,No,2.41,No,3.5,136,76000.0,1,3,2
537,2021,Male,20,2020,9,Yes,No,4,1,Offline,Yes,Yes,2,Advance,100,Yes,No,Yes,Machine Learning,2,In a relationship,Yes,Bachelor,No,2.73,No,3.8,121,76000.0,1,3,2
538,2020,Male,22,2020,9,No,No,2,1,Offline,Yes,Yes,2,Advance,100,Yes,No,Yes,Networking,4,Married,No,Family,Yes,2.87,No,3.93,121,76000.0,1,3,2
539,2022,Male,20,2021,5,No,No,3,2,Online,Yes,Yes,3,Intermediate,100,No,No,No,Networking,3,Single,No,Bachelor,No,1.56,No,2.66,71,76000.0,1,1,1
543,2020,Female,22,2019,9,No,No,4,2,Offline,Yes,Yes,2,Intermediate,100,Yes,No,No,Artificial Intelligence,1,In a relationship,No,Bachelor,Yes,2.78,No,3.84,120,77000.0,1,3,2
544,2021,Female,22,2020,6,Yes,No,1,1,Online,Yes,Yes,4,Basic,98,No,No,No,Cyber security,3,In a relationship,Yes,Family,Yes,2.36,Yes,3.19,70,77000.0,1,2,1
545,2020,Female,21,2020,7,No,No,3,2,Offline,Yes,Yes,4,Intermediate,100,No,No,Yes,Machine Learning,3,Single,No,Family,No,2.03,No,3.15,65,78000.0,1,2,1
546,2020,Female,20,2019,7,Yes,No,5,3,Offline,Yes,Yes,4,Advance,100,No,No,No,Networking,1,Single,Yes,Family,No,2.44,No,3.78,88,79000.0,1,3,2
548,2019,Male,21,2018,10,No,Yes,6,4,Offline,Yes,Yes,3,Advance,80,No,No,No,Cyber security,2,Single,Yes,Family,No,2.54,No,3.76,126,80000.0,1,3,2
549,2020,Female,22,2019,11,Yes,No,2,1,Online,Yes,Yes,4,Intermediate,99,No,No,No,Programming,1,Single,No,Family,No,2.79,No,3.59,125,80000.0,1,3,2
550,2019,Male,20,2019,11,No,No,2,1,Offline,Yes,Yes,6,Basic,77,Yes,Yes,Yes,Cyber security,2,In a relationship,No,Bachelor,No,1.55,No,2.67,144,80000.0,1,1,1
551,2021,Male,21,2020,8,No,No,4,2,Offline,Yes,Yes,2,Advance,100,Yes,No,No,Networking,2,Single,No,Family,Yes,1.25,No,2.57,101,80000.0,1,1,1
552,2020,Female,20,2020,10,No,No,4,2,Offline,Yes,Yes,2,Advance,100,No,No,No,Networking,2,Single,No,Bachelor,No,2.56,No,3.61,131,80000.0,1,3,2
553,2022,Male,20,2021,8,No,No,3,1,Offline,Yes,Yes,3,Intermediate,100,Yes,No,No,Networking,1,Single,Yes,Family,No,2.64,No,3.7,99,81000.0,1,3,2
555,2020,Male,21,2018,10,No,No,3,2,Offline,Yes,Yes,3,Basic,70,No,No,No,Programming,3,In a relationship,No,Bachelor,Yes,1.56,No,2.87,133,85000.0,1,1,1
556,2022,Female,21,2021,6,Yes,No,6,4,Offline,Yes,Yes,5,Intermediate,70,No,No,Yes,Programming,5,In a relationship,No,Family,No,2.1,No,3.37,86,85000.0,1,2,2
558,2021,Female,20,2020,10,No,No,2,2,Online,Yes,Yes,2,Intermediate,100,Yes,No,Yes,Artificial Intelligence,4,Married,No,Family,No,1.54,No,2.64,137,86000.0,1,1,1
559,2019,Male,24,2019,10,No,No,1,3,Offline,Yes,Yes,2,Basic,80,Yes,Yes,Yes,Programming,1,In a relationship,Yes,Family,Yes,2.39,No,3.43,45,87000.0,1,2,2
560,2020,Female,21,2020,8,No,No,4,3,Online,Yes,Yes,2,Advance,80,No,No,No,Cyber security,3,Married,No,Family,No,2.51,No,3.87,103,87000.0,1,3,2
561,2020,Male,21,2020,11,Yes,No,2,2,Offline,Yes,Yes,1,Basic,79,No,No,No,Machine Learning,2,Single,Yes,Bachelor,No,2.81,No,3.89,143,87000.0,1,3,2
562,2021,Female,20,2020,9,No,No,2,1,Offline,Yes,Yes,2,Advance,88,No,No,Yes,Programming,1,Single,No,Bachelor,No,2.45,No,3.54,117,88000.0,1,3,2
563,2021,Male,20,2021,8,No,No,3,1,Offline,Yes,Yes,3,Intermediate,100,Yes,No,No,Artificial Intelligence,2,Single,Yes,Family,Yes,2.66,No,3.72,98,88000.0,1,3,2
564,2020,Female,21,2019,9,Yes,No,6,1,Offline,No,Yes,4,Intermediate,80,No,No,Yes,Programming,1,In a relationship,Yes,Family,Yes,2.04,No,3.23,145,89000.0,1,2,1
565,2021,Male,21,2020,8,No,No,4,2,Online,Yes,Yes,6,Advance,100,No,Yes,No,Web development skill(Backend),2,Single,Yes,Bachelor,No,2.29,No,3.56,100,89000.0,1,3,2
569,2020,Male,21,2019,10,No,No,4,2,Online,Yes,Yes,4,Advance,100,No,No,Yes,Cyber security,2,Married,No,Family,No,2.08,No,3.11,138,90000.0,1,2,1
573,2022,Female,20,2020,4,No,No,2,3,Offline,Yes,Yes,3,Intermediate,100,Yes,No,No,Programming,1,Married,Yes,Family,No,1.26,No,2.33,59,93000.0,0,0,0
575,2020,Male,23,2019,10,No,No,2,3,Offline,Yes,Yes,1,Basic,100,No,No,No,Programming,4,Single,No,Bachelor,No,1.75,No,2.81,137,98000.0,1,1,1
577,2021,Male,21,2019,5,No,No,6,4,Online,Yes,Yes,4,Intermediate,100,Yes,No,Yes,Cyber security,2,Single,Yes,Bachelor,No,1.34,No,2.53,96,100000.0,1,1,1
578,2020,Male,21,2019,8,No,No,5,3,Offline,Yes,Yes,4,Advance,100,No,No,Yes,Programming,3,Single,No,Bachelor,No,2.91,No,3.95,119,100000.0,1,3,2
583,2022,Male,20,2020,6,No,No,2,1,Offline,Yes,Yes,5,Intermediate,100,No,No,No,Networking,4,Single,No,Family,No,2.8,No,3.91,77,110000.0,1,3,2
584,2021,Female,20,2020,8,No,No,5,3,Offline,Yes,Yes,6,Intermediate,100,No,No,No,Networking,1,Married,Yes,Family,No,1.46,No,2.67,101,110000.0,1,1,1
585,2021,Female,21,2020,10,No,No,2,3,Offline,Yes,Yes,2,Intermediate,89,Yes,No,No,Programming,4,Single,No,Bachelor,No,1.67,No,2.73,134,110000.0,1,1,1
586,2021,Male,21,2020,7,No,No,3,1,Offline,Yes,Yes,2,Advance,78,No,No,No,Web development skill(Backend),2,In a relationship,No,Family,No,2.56,No,3.66,88,115000.0,1,3,2
587,2022,Female,19,2022,3,No,No,1,1,Online,Yes,Yes,5,Advance,100,No,No,No,Cyber security,3,Single,No,Family,No,2.67,No,3.78,32,115000.0,1,3,2
590,2022,Male,20,2021,6,No,No,3,3,Offline,Yes,Yes,2,Basic,100,No,No,Yes,Web development skill(Frontend),1,In a relationship,No,Bachelor,No,2.46,No,3.55,89,120000.0,1,3,2
591,2020,Male,24,2019,10,No,No,1,2,Offline,Yes,Yes,3,Intermediate,83,Yes,No,Yes,Networking,2,Married,Yes,Family,No,1.44,No,2.65,136,123000.0,1,1,1
592,2020,Female,24,2019,11,No,No,3,2,Offline,Yes,Yes,1,Basic,100,No,No,No,Web development skill(Backend),4,In a relationship,Yes,Bachelor,No,2.53,No,3.62,143,128000.0,1,3,2
594,2021,Female,20,2020,9,Yes,No,3,1,Offline,Yes,Yes,3,Intermediate,100,Yes,No,Yes,Web development skill(Backend),4,Single,Yes,Family,No,2.75,No,3.82,103,130000.0,1,3,2
595,2022,Male,21,2021,6,No,No,1,3,Offline,Yes,Yes,2,Advance,100,Yes,No,No,Programming,4,Married,Yes,Family,Yes,1.68,No,2.73,88,130000.0,1,1,1
596,2022,Female,20,2021,5,No,No,4,1,Online,Yes,Yes,2,Intermediate,77,Yes,No,Yes,Programming,4,Married,No,Family,No,1.67,No,2.77,58,130000.0,1,1,1
615,2020,Male,23,2019,9,Yes,No,1,2,Offline,Yes,Yes,5,Basic,100,No,No,Yes,Web development skill(Frontend),1,In a relationship,No,Family,No,2.91,No,3.89,103,10000.0,1,3,2
616,2020,Female,22,2019,11,Yes,No,2,1,Offline,Yes,Yes,3,Intermediate,95,No,No,Yes,Programming,1,Single,No,Family,No,2.5,No,3.48,128,25000.0,1,2,2
618,2020,Female,24,2019,9,No,No,5,1,Offline,Yes,Yes,6,Basic,90,No,No,No,Networking,2,Single,Yes,Family,Yes,2.2,Yes,3.5,60,28000.0,1,3,2
620,2022,Male,22,2020,5,Yes,No,2,2,Offline,Yes,No,4,Intermediate,99,No,No,Yes,Programming,2,Single,No,Family,No,2.56,No,3.35,54,30000.0,1,2,2
623,2022,Female,19,2021,7,No,No,4,2,Online,Yes,Yes,5,Intermediate,90,No,No,Yes,Artificial Intelligence,2,In a relationship,Yes,Family,Yes,2.09,No,3.34,100,34000.0,1,2,2
624,2020,Female,20,2020,11,No,No,2,2,Online,Yes,Yes,3,Intermediate,72,No,No,No,Cyber security,4,Married,No,Family,No,2.67,No,3.77,143,37000.0,1,3,2
626,2021,Female,20,2020,8,No,No,2,2,Online,Yes,No,3,Basic,68,No,No,No,Web development skill(Frontend),4,Married,Yes,Family,No,2.67,No,3.74,90,38000.0,1,3,2
630,2020,Male,21,2020,10,No,No,2,3,Offline,Yes,Yes,3,Intermediate,79,Yes,No,Yes,Cyber security,2,In a relationship,No,Bachelor,No,1.46,No,2.55,139,40000.0,1,1,1
631,2020,Male,20,2020,10,Yes,No,2,2,Offline,Yes,Yes,2,Intermediate,100,No,No,No,Networking,4,In a relationship,No,Bachelor,No,2.65,No,3.79,138,40000.0,1,3,2
633,2022,Female,21,2021,6,Yes,No,2,1,Offline,Yes,Yes,3,Advance,78,Yes,No,Yes,Programming,1,Married,Yes,Family,No,2.77,No,3.8,77,42000.0,1,3,2
634,2020,Male,20,2020,5,No,No,4,2,Online,Yes,Yes,6,Intermediate,90,No,No,No,Machine Learning,2,Single,No,Bachelor,No,1.98,No,2.97,66,45000.0,1,1,1
639,2021,Female,20,2019,9,No,No,5,2,Offline,Yes,Yes,5,Intermediate,100,No,No,Yes,Artificial Intelligence,1,Single,No,Bachelor,No,2.07,No,3.28,132,48000.0,1,2,2
640,2020,Male,23,2019,10,No,No,2,3,Online,Yes,Yes,2,Intermediate,89,No,No,No,Networking,4,In a relationship,No,Family,Yes,2.45,No,3.51,132,48000.0,1,3,2
641,2020,Female,23,2019,11,Yes,No,5,3,Offline,Yes,Yes,2,Intermediate,100,No,No,No,Cyber security,4,In a relationship,No,Family,No,2.77,No,3.85,144,49000.0,1,3,2
642,2022,Female,21,2021,6,No,No,5,3,Online,Yes,Yes,3,Basic,100,Yes,No,No,Networking,2,Single,No,Family,No,2.63,No,3.7,75,49000.0,1,3,2
643,2020,Male,23,2018,8,Yes,No,3,3,Online,Yes,Yes,2,Advance,80,No,No,No,Cyber security,2,In a relationship,Yes,Family,No,2.81,No,3.79,135,50000.0,1,3,2
644,2021,Female,21,2019,6,No,No,2,1,Offline,Yes,Yes,3,Intermediate,100,No,No,Yes,Programming,1,Single,No,Family,No,2.44,No,3.44,56,50000.0,1,2,2
645,2021,Male,23,2019,7,No,No,1,1,Online,Yes,Yes,5,Advance,70,No,No,Yes,Cyber security,5,Single,Yes,Family,No,2.5,No,3.22,66,50000.0,1,2,1
646,2021,Female,21,2020,7,No,No,5,3,Offline,Yes,Yes,6,Advance,100,No,No,Yes,Programming,1,In a relationship,Yes,Family,No,2.55,No,3.8,112,50000.0,1,3,2
647,2022,Female,20,2021,5,No,No,3,2,Offline,Yes,Yes,5,Basic,100,No,No,Yes,Programming,2,Single,No,Family,No,2.22,No,3.35,79,50000.0,1,2,2
648,2021,Female,20,2020,9,No,No,3,3,Offline,Yes,Yes,3,Basic,100,No,No,Yes,Web development skill(Frontend),2,Single,Yes,Family,No,2.56,No,3.64,108,53000.0,1,3,2
651,2020,Female,21,2019,11,No,No,4,3,Offline,Yes,Yes,2,Advance,79,No,No,Yes,Artificial Intelligence,2,In a relationship,No,Bachelor,No,2.67,No,3.77,143,55000.0,1,3,2
652,2020,Female,20,2020,9,No,No,4,2,Offline,Yes,No,6,Advance,100,No,No,No,Artificial Intelligence,2,Single,Yes,Family,No,2.31,No,3.44,138,55000.0,1,2,2
653,2020,Male,24,2019,11,No,No,2,2,Offline,Yes,Yes,3,Intermediate,76,Yes,No,Yes,Networking,4,Married,Yes,Family,No,1.26,No,2.37,143,56000.0,0,0,0
655,2021,Female,20,2020,9,No,No,2,3,Offline,Yes,Yes,2,Advance,100,Yes,No,No,Programming,4,In a relationship,Yes,Bachelor,No,2.64,No,3.71,129,59000.0,1,3,2
656,2021,Male,20,2020,10,No,No,1,2,Offline,Yes,Yes,2,Advance,100,Yes,No,No,Programming,2,In a relationship,Yes,Bachelor,No,2.76,No,3.81,134,59000.0,1,3,2
659,2021,Female,23,2019,5,No,No,3,2,Offline,Yes,Yes,6,Intermediate,90,Yes,No,Yes,Programming,4,In a relationship,Yes,Family,No,2.61,No,3.57,130,60000.0,1,3,2
660,2021,Female,23,2019,7,Yes,No,1,2,Offline,Yes,Yes,2,Intermediate,100,No,No,Yes,Networking,2,Single,Yes,Family,No,2.85,No,3.79,66,60000.0,1,3,2
667,2021,Female,20,2021,7,Yes,No,5,3,Offline,Yes,Yes,2,Advance,100,No,No,Yes,Networking,1,Married,No,Family,No,2.66,No,3.83,102,60000.0,1,3,2
669,2022,Female,20,2021,5,No,No,3,2,Offline,Yes,Yes,3,Intermediate,100,No,No,Yes,Networking,4,Married,No,Family,No,2.87,No,3.91,61,62000.0,1,3,2
671,2021,Female,20,2020,9,No,No,4,2,Online,Yes,Yes,2,Advance,86,No,No,Yes,Artificial Intelligence,2,Single,Yes,Bachelor,No,1.56,No,2.66,120,64000.0,1,1,1
674,2022,Female,19,2022,3,No,No,3,1,Offline,Yes,Yes,3,Advance,95,No,No,No,Machine Learning,1,Single,No,Bachelor,No,2.78,No,3.89,35,65000.0,1,3,2
675,2019,Male,24,2018,11,No,No,5,2,Offline,Yes,Yes,3,Intermediate,100,No,No,Yes,Web development skill(Frontend),2,In a relationship,No,Bachelor,Yes,1.67,No,2.73,143,66000.0,1,1,1
678,2022,Male,21,2021,5,No,No,4,2,Offline,Yes,Yes,2,Advance,85,No,No,No,Web development skill(Frontend),4,In a relationship,Yes,Bachelor,No,1.56,No,2.63,65,66000.0,1,1,1
679,2021,Female,23,2019,7,No,No,2,2,Online,Yes,Yes,6,Intermediate,100,No,No,Yes,Programming,1,In a relationship,No,Family,No,2.7,No,3.5,66,67000.0,1,3,2
680,2021,Female,20,2020,9,No,No,2,2,Offline,Yes,No,2,Intermediate,89,Yes,No,Yes,Networking,4,Single,No,Family,No,2.76,No,3.8,113,67000.0,1,3,2
681,2021,Male,22,2021,8,No,No,2,2,Offline,Yes,Yes,3,Intermediate,68,Yes,No,No,Cyber security,4,Single,Yes,Bachelor,No,1.45,No,2.56,88,67000.0,1,1,1
682,2020,Male,20,2020,8,No,No,5,3,Online,Yes,Yes,6,Advance,90,No,No,No,Programming,2,Married,Yes,Family,No,1.55,No,2.76,77,68000.0,1,1,1
683,2021,Male,20,2020,9,No,No,2,3,Offline,Yes,Yes,2,Intermediate,87,No,No,No,Networking,4,Single,No,Bachelor,No,2.67,No,3.73,101,68000.0,1,3,2
684,2021,Female,21,2020,9,No,No,2,2,Offline,Yes,Yes,3,Advance,86,No,No,Yes,Artificial Intelligence,1,Single,Yes,Bachelor,Yes,2.86,No,3.9,119,68000.0,1,3,2
685,2020,Female,22,2018,6,No,No,4,3,Offline,Yes,Yes,2,Intermediate,80,No,No,No,Cyber security,3,Single,No,Family,Yes,2.03,No,3.25,59,70000.0,1,2,2
687,2021,Female,22,2019,8,Yes,No,4,3,Offline,Yes,No,3,Advance,100,No,No,No,Networking,3,Single,Yes,Bachelor,No,2.66,No,3.78,109,70000.0,1,3,2
688,2022,Female,20,2021,5,No,No,6,2,Online,Yes,Yes,3,Intermediate,100,No,No,No,Programming,2,In a relationship,No,Family,No,2.11,No,3.26,87,70000.0,1,2,2
689,2022,Male,19,2021,5,No,No,3,3,Offline,Yes,Yes,3,Intermediate,100,No,No,No,Networking,4,Single,No,Family,No,1.67,No,2.7,77,70000.0,1,1,1
690,2019,Male,23,2019,11,Yes,No,3,2,Offline,Yes,Yes,5,Advance,97,No,No,Yes,Programming,3,Single,Yes,Bachelor,No,2.4,No,3.44,139,71000.0,1,2,2
693,2021,Male,20,2021,9,No,No,1,3,Offline,Yes,Yes,3,Intermediate,87,Yes,No,Yes,Web development skill(Frontend),4,In a relationship,Yes,Family,No,2.45,No,3.56,123,74000.0,1,3,2
694,2019,Male,21,2019,11,Yes,No,6,4,Offline,Yes,Yes,2,Advance,100,No,No,Yes,Programming,3,Single,No,Bachelor,No,2.77,No,3.87,139,75000.0,1,3,2
695,2021,Female,20,2020,8,No,No,3,1,Offline,Yes,Yes,3,Intermediate,100,No,No,No,Programming,2,Single,Yes,Bachelor,No,2.53,No,3.6,95,75000.0,1,3,2
698,2020,Female,20,2020,11,No,No,1,3,Offline,Yes,Yes,2,Intermediate,76,No,No,No,Programming,2,Married,Yes,Family,No,2.61,No,3.7,144,77000.0,1,3,2
702,2020,Female,22,2017,11,No,No,1,1,Online,Yes,Yes,3,Intermediate,90,No,No,No,Networking,1,Married,No,Family,Yes,2.11,No,3.56,132,78000.0,1,3,2
703,2020,Male,24,2019,10,No,No,3,2,Offline,Yes,Yes,5,Intermediate,77,No,No,No,Artificial Intelligence,1,Single,No,Bachelor,No,1.59,No,2.62,132,78000.0,1,1,1
705,2021,Male,20,2020,6,No,No,6,3,Online,Yes,No,3,Advance,100,No,No,No,Networking,1,Single,Yes,Bachelor,No,2.76,No,3.77,97,78000.0,1,3,2
706,2021,Male,21,2020,9,No,No,2,3,Offline,Yes,Yes,3,Intermediate,100,No,No,Yes,Web development skill(Frontend),4,Single,Yes,Bachelor,No,2.76,No,3.8,124,78000.0,1,3,2
707,2021,Male,20,2020,8,No,No,3,3,Offline,Yes,No,2,Intermediate,100,No,No,No,Cyber security,4,Single,No,Bachelor,No,2.61,No,3.7,98,79000.0,1,3,2
708,2020,Female,20,2020,11,Yes,No,1,3,Offline,Yes,Yes,3,Basic,100,No,No,No,Programming,4,In a relationship,No,Family,No,2.75,No,3.86,143,79000.0,1,3,2
710,2020,Male,20,2019,9,Yes,No,6,4,Offline,Yes,Yes,3,Advance,100,No,No,No,Programming,3,Single,No,Family,No,2.77,No,3.87,125,80000.0,1,3,2
711,2022,Male,21,2021,5,No,No,2,2,Offline,Yes,Yes,5,Intermediate,78,No,No,Yes,Artificial Intelligence,2,Single,Yes,Family,No,1.79,No,2.82,71,80000.0,1,1,1
713,2021,Male,20,2020,9,No,No,4,2,Online,Yes,Yes,5,Intermediate,100,No,No,Yes,Web development skill(Backend),1,In a relationship,No,Bachelor,No,2.08,No,3.21,113,83000.0,1,2,1
721,2020,Female,21,2020,10,No,No,2,1,Offline,Yes,Yes,2,Basic,86,Yes,No,Yes,Artificial Intelligence,4,Single,No,Bachelor,No,1.57,No,2.65,135,89000.0,1,1,1
722,2020,Male,24,2019,10,No,No,3,4,Offline,Yes,Yes,5,Advance,100,No,No,No,Networking,2,Single,Yes,Bachelor,No,2.05,No,3.45,85,90000.0,1,2,2
724,2021,Female,20,2020,8,No,No,2,2,Offline,Yes,No,2,Advance,100,Yes,No,No,Programming,1,In a relationship,Yes,Family,No,2.67,No,3.73,93,90000.0,1,3,2
725,2022,Male,22,2021,6,No,No,3,1,Offline,Yes,Yes,2,Intermediate,100,No,No,Yes,Web development skill(Backend),2,Single,No,Bachelor,No,1.56,No,2.67,71,90000.0,1,1,1
726,2020,Male,24,2017,9,No,No,3,2,Online,Yes,Yes,2,Intermediate,70,Yes,No,No,Networking,2,In a relationship,Yes,Family,Yes,1.89,No,3.18,113,95000.0,1,2,1
727,2021,Female,20,2019,7,No,No,4,2,Offline,Yes,Yes,6,Advance,100,No,No,No,Web development skill(Backend),1,Single,No,Family,No,2.76,No,3.88,109,95000.0,1,3,2
728,2022,Male,20,2021,6,Yes,No,5,3,Offline,Yes,Yes,2,Advance,76,Yes,No,No,Programming,1,In a relationship,Yes,Bachelor,No,2.7,No,3.87,78,97000.0,1,3,2
729,2022,Male,20,2020,5,No,No,1,1,Online,Yes,Yes,2,Intermediate,78,Yes,No,Yes,Networking,1,In a relationship,No,Family,No,1.81,No,2.84,71,98000.0,1,1,1
732,2019,Female,22,2019,6,No,No,4,2,Offline,Yes,Yes,4,Intermediate,80,No,No,Yes,Programming,1,Single,Yes,Family,No,2.45,No,3.5,16,100000.0,1,3,2
736,2021,Male,24,2019,10,No,No,1,2,Online,Yes,Yes,3,Basic,100,Yes,No,No,Networking,4,Married,Yes,Family,No,2.87,No,3.91,140,110000.0,1,3,2
740,2022,Female,21,2021,5,No,No,2,2,Offline,Yes,Yes,3,Advance,100,Yes,No,Yes,Web development skill(Frontend),4,Married,No,Family,No,2.56,No,3.64,68,113000.0,1,3,2
741,2021,Male,20,2020,7,No,No,3,2,Offline,Yes,No,3,Basic,100,No,No,No,Programming,3,Single,No,Bachelor,No,1.99,No,2.94,88,120000.0,1,1,1
743,2020,Male,20,2020,11,No,No,3,3,Offline,Yes,Yes,3,Advance,100,No,No,No,Artificial Intelligence,1,In a relationship,No,Bachelor,No,1.46,No,2.51,143,122000.0,1,1,1
765,2020,Male,20,2020,7,Yes,Yes,6,2,Online,Yes,Yes,4,Advance,70,No,No,No,Programming,3,Single,No,Family,No,1.6,No,2.9,30,20000.0,1,1,1
768,2022,Female,21,2021,6,No,Yes,2,2,Offline,Yes,No,3,Advance,100,Yes,No,Yes,Programming,2,In a relationship,Yes,Bachelor,No,1.47,No,2.54,88,32000.0,1,1,1
770,2021,Male,23,2020,5,No,Yes,6,5,Offline,Yes,Yes,4,Basic,90,No,No,No,Web development skill(Backend),5,Single,Yes,Bachelor,No,2.45,No,2.39,40,35000.0,0,0,0
771,2021,Male,19,2021,8,No,Yes,3,3,Online,Yes,Yes,2,Advance,89,No,No,No,Cyber security,4,Single,No,Family,No,1.87,No,2.8,136,35000.0,1,1,1
773,2020,Male,24,2019,11,No,Yes,1,3,Offline,Yes,Yes,2,Advance,100,Yes,No,No,Cyber security,2,In a relationship,No,Bachelor,No,2.9,No,3.92,144,37000.0,1,3,2
776,2021,Female,22,2021,7,No,Yes,4,2,Offline,Yes,Yes,5,Advance,100,No,No,No,Cyber security,2,In a relationship,No,Family,No,1.98,No,3.03,111,39000.0,1,2,1
778,2021,Male,20,2020,9,Yes,Yes,5,4,Offline,Yes,Yes,3,Advance,100,No,No,No,Cyber security,3,Single,No,Family,No,2.77,No,3.96,129,42000.0,1,3,2
780,2020,Female,21,2019,11,No,Yes,3,1,Online,Yes,Yes,3,Intermediate,70,No,No,No,Programming,2,In a relationship,No,Bachelor,Yes,2.1,No,3.2,137,45000.0,1,2,1
785,2020,Female,23,2018,11,Yes,Yes,1,1,Offline,Yes,No,2,Advance,100,No,No,No,Programming,3,Single,Yes,Family,Yes,2.53,No,3.81,132,50000.0,1,3,2
786,2022,Male,23,2020,8,No,Yes,3,4,Offline,Yes,Yes,3,Advance,98,No,No,Yes,Web development skill(Frontend),2,In a relationship,No,Family,No,2.75,No,3.64,18,50000.0,1,3,2
788,2021,Female,20,2020,9,Yes,Yes,6,3,Online,Yes,Yes,3,Intermediate,76,No,No,Yes,Artificial Intelligence,3,Single,Yes,Family,No,2.77,No,3.8,129,50000.0,1,3,2
792,2020,Male,24,2019,10,Yes,Yes,6,2,Offline,Yes,Yes,3,Advance,100,No,No,No,Cyber security,1,Married,Yes,Family,No,2.02,No,3.11,134,53000.0,1,2,1
793,2021,Male,21,2021,9,No,Yes,4,2,Offline,Yes,Yes,6,Intermediate,70,No,No,Yes,Programming,2,In a relationship,Yes,Bachelor,No,1.98,No,2.97,105,53000.0,1,1,1
794,2020,Male,21,2019,9,No,Yes,3,2,Online,Yes,Yes,5,Advance,100,No,No,No,Cyber security,1,Single,Yes,Family,No,2.56,No,3.79,132,55000.0,1,3,2
795,2019,Male,23,2019,11,No,Yes,3,1,Online,Yes,Yes,2,Intermediate,100,Yes,No,No,Networking,1,Married,Yes,Family,No,1.54,No,2.66,143,55000.0,1,1,1
796,2020,Male,23,2019,11,No,Yes,3,3,Offline,Yes,Yes,1,Intermediate,100,No,No,No,Programming,1,Single,Yes,Bachelor,No,1.56,No,2.65,143,55000.0,1,1,1
798,2020,Male,22,2020,10,No,Yes,1,2,Offline,Yes,No,2,Intermediate,100,No,No,No,Web development skill(Backend),2,Single,No,Bachelor,Yes,2.76,No,3.8,136,55000.0,1,3,2
799,2022,Female,20,2021,4,No,Yes,3,2,Offline,Yes,Yes,2,Intermediate,85,No,No,Yes,Programming,2,Single,Yes,Bachelor,No,1.56,No,2.97,67,55000.0,1,1,1
801,2020,Female,21,2019,10,No,Yes,5,2,Online,Yes,Yes,4,Advance,90,No,No,Yes,Machine Learning,2,Single,Yes,Family,No,1.95,No,2.92,139,58000.0,1,1,1
805,2020,Male,23,2019,11,Yes,Yes,4,2,Online,Yes,Yes,5,Intermediate,95,Yes,No,Yes,Networking,5,In a relationship,Yes,Bachelor,No,1.33,No,2.99,104,60000.0,1,1,1
806,2021,Female,20,2020,9,No,Yes,2,1,Offline,Yes,No,3,Intermediate,100,Yes,No,Yes,Artificial Intelligence,2,In a relationship,Yes,Bachelor,No,2.56,No,3.63,106,60000.0,1,3,2
807,2022,Male,22,2022,3,Yes,Yes,4,2,Offline,Yes,Yes,3,Intermediate,100,No,No,No,Web development skill(Frontend),2,Single,No,Bachelor,No,2.81,No,3.97,51,60000.0,1,3,2
809,2022,Male,23,2020,5,Yes,Yes,2,3,Online,Yes,Yes,3,Basic,90,No,No,No,Networking,3,Single,Yes,Family,No,2.33,No,3.68,43,65000.0,1,3,2
810,2019,Male,24,2018,11,No,Yes,3,2,Online,Yes,Yes,5,Intermediate,100,No,No,Yes,Web development skill(Frontend),2,Single,No,Bachelor,Yes,2.22,No,3.45,132,66000.0,1,2,2
812,2022,Female,20,2021,5,No,Yes,4,2,Online,Yes,Yes,3,Intermediate,100,No,No,No,Programming,1,Single,Yes,Bachelor,Yes,1.76,No,2.82,62,66000.0,1,1,1
813,2022,Female,20,2021,5,Yes,Yes,5,3,Offline,Yes,Yes,3,Intermediate,100,No,No,Yes,Web development skill(Backend),2,Single,Yes,Family,Yes,2.66,No,3.79,58,67000.0,1,3,2
815,2020,Female,21,2020,11,No,Yes,4,2,Offline,Yes,Yes,3,Intermediate,87,No,No,Yes,Networking,4,Married,No,Family,No,2.71,No,3.78,143,68000.0,1,3,2
818,2021,Female,22,2018,6,Yes,Yes,2,2,Online,Yes,Yes,1,Intermediate,100,No,No,Yes,Web development skill(Frontend),1,Single,No,Family,No,2.77,No,3.56,56,70000.0,1,3,2
822,2020,Male,20,2020,10,No,Yes,1,3,Offline,Yes,Yes,2,Advance,87,Yes,No,No,Networking,1,In a relationship,No,Bachelor,No,2.44,No,3.56,135,70000.0,1,3,2
823,2022,Female,20,2021,6,No,Yes,4,3,Offline,Yes,Yes,2,Advance,100,No,No,Yes,Web development skill(Frontend),1,In a relationship,Yes,Bachelor,Yes,1.56,No,2.64,78,70000.0,1,1,1
824,2022,Female,20,2021,5,No,Yes,3,3,Offline,Yes,Yes,2,Advance,100,No,No,Yes,Networking,1,In a relationship,No,Bachelor,No,1.76,No,2.84,58,70000.0,1,1,1
825,2022,Female,20,2020,4,No,Yes,5,3,Offline,Yes,Yes,6,Intermediate,70,No,No,Yes,Web development skill(Frontend),2,In a relationship,Yes,Family,No,1.9,No,3.13,89,71000.0,1,2,1
826,2021,Male,21,2020,6,No,Yes,4,2,Offline,Yes,Yes,6,Intermediate,100,No,No,Yes,Programming,3,Single,No,Family,No,1.99,No,3.05,79,71000.0,1,2,1
828,2020,Female,20,2020,11,Yes,Yes,4,1,Offline,Yes,Yes,2,Intermediate,100,Yes,No,No,Networking,1,Married,No,Family,No,2.78,No,3.83,143,74000.0,1,3,2
829,2020,Male,22,2019,9,Yes,Yes,3,4,Offline,Yes,Yes,6,Advance,100,No,No,No,Programming,3,Single,No,Bachelor,Yes,1.81,No,2.95,137,75000.0,1,1,1
832,2019,Male,24,2018,11,No,Yes,4,2,Online,Yes,Yes,6,Intermediate,77,No,No,Yes,Cyber security,2,Single,No,Family,Yes,2.23,No,3.65,145,76000.0,1,3,2
833,2020,Female,21,2019,7,No,Yes,3,1,Online,Yes,Yes,6,Basic,86,No,No,No,Web development skill(Backend),3,Single,No,Family,Yes,2.13,No,3.28,98,77000.0,1,2,2
834,2019,Male,23,2019,11,Yes,Yes,5,3,Offline,Yes,Yes,5,Intermediate,100,No,No,Yes,Machine Learning,2,Single,Yes,Family,No,2.66,No,3.85,145,77000.0,1,3,2
835,2020,Female,20,2020,11,No,Yes,3,3,Online,Yes,No,3,Intermediate,100,No,No,Yes,Web development skill(Frontend),4,Single,Yes,Family,No,2.87,No,3.9,143,77000.0,1,3,2
837,2021,Female,22,2021,10,No,Yes,2,3,Online,Yes,No,1,Intermediate,100,No,No,No,Web development skill(Backend),2,In a relationship,Yes,Family,No,1.38,No,2.51,134,77000.0,1,1,1
839,2020,Female,20,2019,8,No,Yes,3,1,Offline,Yes,No,6,Intermediate,80,No,No,No,Web development skill(Backend),3,Single,No,Family,No,2.11,No,3.46,101,78000.0,1,2,2
841,2021,Female,19,2021,7,No,Yes,3,2,Offline,Yes,Yes,5,Intermediate,100,No,No,No,Artificial Intelligence,2,Single,No,Bachelor,No,2.45,No,3.76,100,78000.0,1,3,2
842,2021,Male,20,2020,10,No,Yes,2,3,Offline,Yes,Yes,2,Intermediate,100,Yes,No,No,Networking,4,Single,Yes,Family,No,2.67,No,3.7,132,79000.0,1,3,2
843,2021,Male,21,2021,9,Yes,Yes,3,3,Online,Yes,Yes,2,Basic,100,Yes,No,Yes,Programming,2,In a relationship,Yes,Family,No,2.61,No,3.77,123,79000.0,1,3,2
845,2020,Male,23,2019,9,No,Yes,1,1,Offline,Yes,Yes,5,Basic,100,No,No,Yes,Networking,1,Married,No,Bachelor,No,2.89,No,3.89,102,80000.0,1,3,2
846,2021,Female,20,2020,9,No,Yes,2,2,Offline,Yes,Yes,3,Basic,100,Yes,No,No,Cyber security,4,Married,Yes,Family,No,1.68,No,2.71,101,80000.0,1,1,1
847,2020,Male,20,2020,11,No,Yes,1,1,Offline,Yes,Yes,3,Advance,100,No,No,Yes,Cyber security,2,In a relationship,Yes,Bachelor,No,1.63,No,2.7,143,80000.0,1,1,1
848,2021,Male,20,2021,7,No,Yes,2,1,Offline,Yes,Yes,2,Advance,95,No,No,Yes,Machine Learning,3,In a relationship,No,Family,No,1.56,No,2.64,97,80000.0,1,1,1
849,2020,Male,20,2020,11,No,Yes,4,1,Offline,Yes,Yes,2,Intermediate,100,Yes,No,Yes,Artificial Intelligence,4,In a relationship,Yes,Bachelor,No,2.75,No,3.8,143,81000.0,1,3,2
850,2020,Male,22,2018,7,Yes,Yes,6,3,Offline,Yes,No,3,Advance,100,No,No,No,Web development skill(Backend),3,Single,No,Family,No,2.56,No,3.95,115,85000.0,1,3,2
851,2020,Female,22,2020,11,No,Yes,2,3,Offline,Yes,Yes,1,Intermediate,100,Yes,No,No,Web development skill(Backend),4,Married,No,Family,No,2.56,No,3.66,143,86000.0,1,3,2
852,2019,Male,24,2018,11,No,Yes,5,2,Offline,Yes,Yes,3,Intermediate,89,Yes,No,No,Networking,4,Single,Yes,Bachelor,No,1.76,No,2.89,143,87000.0,1,1,1
853,2020,Male,23,2019,10,No,Yes,2,2,Offline,Yes,Yes,3,Intermediate,79,Yes,No,No,Networking,1,Single,Yes,Bachelor,No,2.87,No,3.91,139,88000.0,1,3,2
855,2019,Male,21,2018,11,Yes,Yes,2,1,Offline,Yes,Yes,4,Intermediate,100,No,No,Yes,Machine Learning,2,In a relationship,Yes,Bachelor,Yes,2.57,No,3.88,145,89000.0,1,3,2
856,2021,Female,20,2020,10,No,Yes,3,3,Offline,Yes,Yes,1,Intermediate,100,No,No,No,Machine Learning,2,Single,No,Bachelor,No,2.55,No,3.6,135,89000.0,1,3,2
857,2022,Female,19,2021,4,Yes,Yes,5,2,Offline,Yes,Yes,4,Advance,100,No,No,Yes,Machine Learning,2,Single,Yes,Family,No,2.56,No,3.89,29,89000.0,1,3,2
858,2019,Male,24,2019,11,Yes,Yes,6,3,Online,Yes,No,2,Advance,100,No,No,Yes,Artificial Intelligence,1,Single,Yes,Family,No,2.87,No,3.94,143,90000.0,1,3,2
859,2019,Female,24,2019,11,No,No,1,2,Offline,Yes,No,5,Advance,100,No,No,Yes,Networking,2,Single,Yes,Bachelor,No,2.48,No,3.78,144,90000.0,1,3,2
862,2022,Male,20,2021,5,No,Yes,2,2,Offline,Yes,No,3,Advance,100,No,No,Yes,Web development skill(Backend),2,In a relationship,No,Family,Yes,1.86,No,2.91,60,93000.0,1,1,1
865,2021,Female,21,2020,9,Yes,Yes,2,1,Offline,Yes,Yes,3,Advance,100,Yes,No,No,Artificial Intelligence,2,Single,Yes,Family,No,2.75,No,3.81,120,96000.0,1,3,2
867,2020,Male,23,2019,10,Yes,Yes,2,1,Offline,Yes,Yes,6,Intermediate,100,No,No,No,Networking,1,Single,No,Family,No,2.91,No,3.98,91,97000.0,1,3,2
871,2021,Male,20,2021,8,No,Yes,4,2,Online,Yes,No,5,Intermediate,100,No,No,No,Cyber security,1,Single,No,Family,No,2.33,No,3.45,102,100000.0,1,2,2
872,2020,Female,24,2018,9,No,Yes,3,3,Offline,Yes,Yes,3,Intermediate,68,No,No,No,Networking,4,In a relationship,Yes,Bachelor,No,2.76,No,3.56,123,110000.0,1,3,2
876,2020,Male,20,2020,11,No,Yes,4,1,Online,Yes,Yes,2,Advance,100,Yes,No,No,Cyber security,1,Single,Yes,Bachelor,No,2.56,No,3.6,143,120000.0,1,3,2
879,2019,Female,22,2019,11,No,Yes,2,1,Offline,Yes,Yes,3,Basic,100,No,No,Yes,Web development skill(Backend),4,Single,Yes,Bachelor,No,1.86,No,2.93,143,121000.0,1,1,1
880,2022,Male,20,2020,5,No,Yes,1,2,Offline,Yes,Yes,3,Intermediate,100,Yes,No,Yes,Web development skill(Frontend),4,Single,Yes,Bachelor,No,1.87,No,2.94,68,121000.0,1,1,1
882,2022,Female,21,2021,6,No,Yes,3,3,Offline,Yes,Yes,2,Intermediate,100,Yes,No,Yes,Artificial Intelligence,4,In a relationship,Yes,Bachelor,No,1.4,No,2.54,77,130000.0,1,1,1
